id,strain,sire,dam1,dam2,dam3,dam4,sex,generation,dob,litter.size,sevrage,dtc,n.females,n.males,n.sibs,n.cage,cage.id,cage.type,sire.present,multiple.dams,coat.color,d40,d50,d60,bw30,bw40,bw50,bw60,comments.x,age.sev,age.40,age.50,age.60,g1,g2,g3,pwg,dam1.age,dam2.age,dam3.age,dam4.age,dam.age,sac.date,sac.age,time,na,nt,femur,ecw,liver,spleen,kidney,heart,testis,gfp,rfp,mfp,ffp,brain,muscle,X1g_wt,comments.y,tail,tf
7055,B6.A-15 BC2,6764,6811,6835,=,=,M,BC2,2013-01-12,5,2013-02-11,2013-02-11,2,3,5,5,494,S,1,1,B,2013-02-21,2013-03-03,2013-03-13,16.37,19.53,21.99,24.46,=,30,40,50,60,3.16,2.46,2.47,8.09,148,130,=,=,139,2013-03-13,60,09:48:00,93,174,14.6,10.09,1.185,0.063,0.265,0.107,0.171,0.303,0.048,0.164,0.249,0.408,0.165,=,=,81,0.764
7056,B6.A-15 BC2,6764,6811,6835,=,=,M,BC2,2013-01-12,5,2013-02-11,2013-02-11,2,3,5,5,494,S,1,1,B,2013-02-21,2013-03-03,2013-03-13,15.96,19.38,22.87,25.17,=,30,40,50,60,3.42,3.49,2.3,9.21,148,130,=,=,139,2013-03-13,60,10:04:00,95,173,14.5,10.077,1.164,0.073,0.264,0.117,0.163,0.415,0.096,0.217,0.353,0.402,0.11,=,=,78,1.081
7057,B6.A-15 BC2,6764,6811,6835,=,=,M,BC2,2013-01-12,5,2013-02-11,2013-02-11,2,3,5,5,494,S,1,1,B,2013-02-21,2013-03-03,2013-03-13,16.23,20.2,23.52,26.22,=,30,40,50,60,3.97,3.32,2.7,9.99,148,130,=,=,139,2013-03-13,60,10:20:30,94,174,14.55,10.669,1.231,0.074,0.273,0.114,0.174,0.41,0.07,0.209,0.325,0.408,0.143,=,=,80,1.014
7058,B6.A-15 BC2,6814,6831,=,=,=,M,BC2,2013-01-12,6,2013-02-11,2013-02-11,4,2,6,5,494,S,1,1,B,2013-02-21,2013-03-03,2013-03-13,15.53,19.2,22.75,25.82,=,30,40,50,60,3.67,3.55,3.07,10.29,130,=,=,=,130,2013-03-13,60,10:36:00,93,175,14.65,9.971,1.278,0.073,0.255,0.115,0.172,0.344,0.064,0.177,0.284,0.419,0.165,=,=,82,0.869
7059,B6.A-15 BC2,6814,6831,=,=,=,M,BC2,2013-01-12,6,2013-02-11,2013-02-11,4,2,6,5,494,S,1,1,B,2013-02-21,2013-03-03,2013-03-13,14.99,19.2,22.23,24.53,=,30,40,50,60,4.21,3.03,2.3,9.54,130,=,=,=,130,2013-03-13,60,10:53:00,92,169,14.55,10.101,1.085,0.074,0.251,0.11,0.15,0.23,0.052,0.148,0.258,0.397,0.145,=,=,77,0.688
7060,B6.A-17 BC2,6590,6826,6827,=,=,M,BC2,2013-01-12,11,2013-02-11,2013-02-11,4,7,11,5,495,S,1,1,B,2013-02-21,2013-03-03,2013-03-13,13.94,18.46,21.15,23.69,=,30,40,50,60,4.52,2.69,2.54,9.75,130,130,=,=,130,2013-03-13,60,11:09:00,93,171,14.45,9.731,1.037,0.07,0.26,0.114,0.157,0.245,0.034,0.121,0.217,0.377,0.141,=,=,78,0.617
7061,B6.A-17 BC2,6590,6826,6827,=,=,M,BC2,2013-01-12,11,2013-02-11,2013-02-11,4,7,11,5,495,S,1,1,B,2013-02-21,2013-03-03,2013-03-13,10.98,16.81,24.75,24.85,=,30,40,50,60,5.83,7.94,0.1,13.87,130,130,=,=,130,2013-03-13,60,11:26:00,94,175,14.3,9.71,1.166,0.071,0.284,0.11,0.168,0.237,0.035,0.117,0.22,0.395,0.144,=,=,81,0.609
7062,B6.A-17 BC2,6590,6826,6827,=,=,M,BC2,2013-01-12,11,2013-02-11,2013-02-11,4,7,11,5,495,S,1,1,B,2013-02-21,2013-03-03,2013-03-13,15.67,19.8,21.74,23.53,=,30,40,50,60,4.13,1.94,1.79,7.86,130,130,=,=,130,2013-03-13,60,11:41:30,96,176,14.4,9.347,1.119,0.063,0.241,0.099,0.178,0.374,0.062,0.176,0.273,0.405,0.147,=,=,80,0.885
7063,B6.A-17 BC2,6590,6826,6827,=,=,M,BC2,2013-01-12,11,2013-02-11,2013-02-11,4,7,11,5,495,S,1,1,B,2013-02-21,2013-03-03,2013-03-13,14.52,19.66,22.12,24.16,=,30,40,50,60,5.14,2.46,2.04,9.64,130,130,=,=,130,2013-03-13,60,11:56:00,92,177,14.5,9.738,1.005,0.064,0.243,0.1,0.181,0.36,0.066,0.157,0.304,0.386,0.133,=,=,85,0.887
7064,B6.A-17 BC2,6590,6826,6827,=,=,M,BC2,2013-01-12,11,2013-02-11,2013-02-11,4,7,11,5,495,S,1,1,B,2013-02-21,2013-03-03,2013-03-13,13.76,17.05,19.77,21.28,=,30,40,50,60,3.29,2.72,1.51,7.52,130,130,=,=,130,2013-03-13,60,12:12:00,90,173,14,8.53,0.902,0.057,0.234,0.092,0.17,0.324,0.054,0.169,0.261,0.382,0.113,=,=,83,0.808
7065,B6.A-17 BC2,6590,6826,6827,=,=,M,BC2,2013-01-12,11,2013-02-11,2013-02-11,4,7,11,5,496,S,1,1,B,2013-02-21,2013-03-03,2013-03-13,13.78,19.17,22.43,25.08,=,30,40,50,60,5.39,3.26,2.65,11.3,130,130,=,=,130,2013-03-13,60,12:28:00,93,180,14.7,10.339,1.142,0.068,0.264,0.113,0.168,0.345,0.062,0.211,0.276,0.408,0.161,=,=,87,0.894
7066,B6.A-17 BC2,6590,6826,6827,=,=,M,BC2,2013-01-12,11,2013-02-11,2013-02-11,4,7,11,5,496,S,1,1,B,2013-02-21,2013-03-03,2013-03-13,15.03,19.84,23.13,25.86,=,30,40,50,60,4.81,3.29,2.73,10.83,130,130,=,=,130,2013-03-13,60,12:42:00,95,176,14.6,10.494,1.2,0.078,0.255,0.113,0.163,0.301,0.044,0.169,0.233,0.381,0.11,=,=,81,0.747
7067,B6.A-17 BC2,6716,6851,=,=,=,M,BC2,2013-01-12,2,2013-02-11,2013-02-11,1,1,2,5,496,S,1,1,B,2013-02-21,2013-03-03,2013-03-13,16.98,21.71,23.83,26.95,=,30,40,50,60,4.73,2.12,3.12,9.97,115,=,=,=,115,2013-03-13,60,12:57:20,95,174,14.85,10.585,1.18,0.082,0.284,0.121,0.181,0.357,0.07,0.17,0.295,0.47,0.163,=,=,79,0.892
7068,B6.A-19 BC2,6581,6823,6813,=,=,M,BC2,2013-01-12,2,2013-02-11,2013-02-11,=,4,=,5,496,S,1,1,B,2013-02-21,2013-03-03,2013-03-13,16.94,21.33,23.4,25.93,=,30,40,50,60,4.39,2.07,2.53,8.99,130,148,=,=,139,2013-03-13,60,14:30:00,92,176,14.85,10.407,1.131,0.068,0.278,0.118,0.179,0.335,0.059,0.193,0.255,0.381,0.162,=,=,84,0.842
7069,B6.A-19 BC2,6581,6823,6813,=,=,M,BC2,2013-01-12,2,2013-02-11,2013-02-11,=,4,=,5,496,S,1,1,B,2013-02-21,2013-03-03,2013-03-13,17.39,21.82,23.42,25.85,=,30,40,50,60,4.43,1.6,2.43,8.46,130,148,=,=,139,2013-03-13,60,14:48:00,97,177,14.75,10.41,1.067,0.063,0.277,0.113,0.177,0.438,0.084,0.231,0.332,0.386,0.153,=,=,80,1.085
7070,B6.A-19 BC2,6581,6823,6813,=,=,M,BC2,2013-01-12,2,2013-02-11,2013-02-11,=,4,=,5,497,S,1,1,B,2013-02-21,2013-03-03,2013-03-13,16.82,21.92,23.32,26.29,=,30,40,50,60,5.1,1.4,2.97,9.47,130,148,=,=,139,2013-03-13,60,15:04:00,93,175,14.65,10.549,1.187,0.077,0.286,0.111,0.185,0.314,0.058,0.215,0.279,0.379,0.167,=,=,82,0.866
7071,B6.A-19 BC2,6581,6823,6813,=,=,M,BC2,2013-01-12,2,2013-02-11,2013-02-11,=,4,=,5,497,S,1,1,B,2013-02-21,2013-03-03,2013-03-13,18.13,22.51,24.49,28.17,=,30,40,50,60,4.38,1.98,3.68,10.04,130,148,=,=,139,2013-03-13,60,15:20:00,97,179,14.8,11.319,1.214,0.078,0.288,0.12,0.175,0.424,0.09,0.236,0.268,0.42,0.159,=,=,82,1.018
7072,B6.A-X BC1,6685,=,=,=,=,M,BC2,2013-01-12,14,2013-02-11,2013-02-11,7,7,14,5,497,S,1,1,B,2013-02-21,2013-03-03,2013-03-13,17.64,20.95,21.59,24.08,=,30,40,50,60,3.31,0.64,2.49,6.44,91,130,115,=,112,2013-03-13,60,15:36:00,92,176,14.6,9.664,0.958,0.058,0.259,0.1,0.189,0.388,0.081,0.206,0.297,0.393,0.16,=,=,84,0.972
7073,B6.A-X BC1,6685,=,=,=,=,M,BC2,2013-01-12,14,2013-02-11,2013-02-11,7,7,14,5,497,S,1,1,B,2013-02-21,2013-03-03,2013-03-13,18.89,21.42,22.44,25.07,=,30,40,50,60,2.53,1.02,2.63,6.18,91,130,115,=,112,2013-03-13,60,15:57:00,92,180,14.6,9.986,1.084,0.07,0.26,0.106,0.155,0.341,0.072,0.206,0.302,0.394,0.17,=,=,88,0.921
7074,B6.A-X BC1,6685,=,=,=,=,M,BC2,2013-01-12,14,2013-02-11,2013-02-11,7,7,14,5,497,S,1,1,B,2013-02-21,2013-03-03,2013-03-13,17.13,20.09,21.74,24.57,=,30,40,50,60,2.96,1.65,2.83,7.44,91,130,115,=,112,2013-03-13,60,16:13:00,94,179,=,9.512,0.999,0.066,0.254,0.104,0.231,0.329,0.056,0.173,0.27,0.419,0.174,=,=,85,0.828
7075,B6.A-X BC1,6685,=,=,=,=,M,BC2,2013-01-12,14,2013-02-11,2013-02-11,7,7,14,4,498,S,1,1,B,2013-02-21,2013-03-03,2013-03-13,17.02,20,21.43,23.19,=,30,40,50,60,2.98,1.43,1.76,6.17,91,130,115,=,112,2013-03-13,60,16:29:00,95,178,14.45,9.559,0.912,0.053,0.247,0.092,0.172,0.319,0.063,0.229,0.292,0.397,0.155,=,=,83,0.903
7076,B6.A-X BC1,6685,=,=,=,=,M,BC2,2013-01-12,14,2013-02-11,2013-02-11,7,7,14,4,498,S,1,1,B,2013-02-21,2013-03-03,2013-03-13,15.76,14.89,15.96,22.36,=,30,40,50,60,-0.87,1.07,6.4,6.6,91,130,115,=,112,2013-03-13,60,16:43:00,90,175,14.45,8.99,0.924,0.059,0.229,0.093,0.171,0.327,0.059,0.155,0.222,0.39,0.139,=,=,85,0.763
7077,B6.A-X BC1,6685,=,=,=,=,M,BC2,2013-01-12,14,2013-02-11,2013-02-11,7,7,14,4,498,S,1,1,B,2013-02-21,2013-03-03,2013-03-13,16.19,18.62,20.27,22.69,=,30,40,50,60,2.43,1.65,2.42,6.5,91,130,115,=,112,2013-03-13,60,16:59:37,95,178,14.5,9.219,0.894,0.056,0.247,0.098,0.165,0.306,0.049,0.139,0.229,0.401,0.152,=,=,83,0.723
7078,B6.A-X BC1,6685,=,=,=,=,M,BC2,2013-01-12,14,2013-02-11,2013-02-11,7,7,14,4,498,S,1,1,B,2013-02-21,2013-03-03,2013-03-13,14.78,19.91,21.03,22,=,30,40,50,60,5.13,1.12,0.97,7.22,91,130,115,=,112,2013-03-13,60,17:16:15,94,176,14.5,8.702,0.828,0.054,0.242,0.098,0.174,0.216,0.04,0.131,0.213,0.405,0.136,=,=,82,0.6
7079,B6.A-19 BC2,6610,7014,6828,=,=,M,BC2,2013-01-13,14,2013-02-12,2013-02-12,9,5,14,5,499,S,1,1,B,2013-02-22,2013-03-04,2013-03-14,15.39,18.27,20.13,25.08,=,30,40,50,60,2.88,1.86,4.95,9.69,92,131,=,=,112,2013-03-14,60,12:50:00,94,173,14.75,10.482,1.078,0.064,0.307,0.118,0.168,0.297,0.053,0.141,0.276,0.412,0.136,=,=,79,0.767
7080,B6.A-19 BC2,6610,7014,6828,=,=,M,BC2,2013-01-13,14,2013-02-12,2013-02-12,9,5,14,5,499,S,1,1,B,2013-02-22,2013-03-04,2013-03-14,15.72,20.14,22.75,21.69,=,30,40,50,60,4.42,2.61,-1.06,5.97,92,131,=,=,112,2013-03-14,60,13:07:00,91,172,14,8.795,0.991,0.06,0.224,0.097,0.174,0.437,0.091,0.231,0.342,0.41,0.153,=,=,81,1.101
7081,B6.A-19 BC2,6610,7014,6828,=,=,M,BC2,2013-01-13,14,2013-02-12,2013-02-12,9,5,14,5,499,S,1,1,B,2013-02-22,2013-03-04,2013-03-14,16.08,18.13,19.84,23.58,=,30,40,50,60,2.05,1.71,3.74,7.5,92,131,=,=,112,2013-03-14,60,13:22:30,91,176,14.5,9.557,0.962,0.071,0.244,0.096,0.179,0.353,0.058,0.164,0.262,0.401,0.16,=,=,85,0.837
7082,B6.A-19 BC2,6610,7014,6828,=,=,M,BC2,2013-01-13,14,2013-02-12,2013-02-12,9,5,14,5,499,S,1,1,B,2013-02-22,2013-03-04,2013-03-14,17.53,18.9,22.23,23.82,=,30,40,50,60,1.37,3.33,1.59,6.29,92,131,=,=,112,2013-03-14,60,13:38:30,93,178,14.65,9.648,1.003,0.057,0.273,0.104,0.188,0.408,0.073,0.182,0.301,0.415,0.125,=,=,85,0.964
7083,B6.A-19 BC2,6610,7014,6828,=,=,M,BC2,2013-01-13,14,2013-02-12,2013-02-12,9,5,14,5,499,S,1,1,B,2013-02-22,2013-03-04,2013-03-14,16.59,20.33,21.7,21.82,=,30,40,50,60,3.74,1.37,0.12,5.23,92,131,=,=,112,2013-03-14,60,13:53:00,90,174,14,8.77,0.905,0.082,0.229,0.095,0.184,0.389,0.079,0.15,0.269,0.395,0.143,=,=,84,0.887
7090,B6.C,6644,=,=,=,=,M,4,2013-01-13,12,2013-02-12,2013-02-12,6,6,12,6,501,S,1,1,B,2013-02-22,2013-03-04,2013-03-14,15.97,15.63,17.85,22.54,=,30,40,50,60,-0.34,2.22,4.69,6.57,92,169,132,=,131,2013-03-14,60,14:11:00,89,175,=,8.974,0.922,0.063,0.246,0.094,0.162,0.297,=,0.145,0.263,0.393,0.152,=,=,86,=
7091,B6.C,6644,=,=,=,=,M,4,2013-01-13,12,2013-02-12,2013-02-12,6,6,12,6,501,S,1,1,B,2013-02-22,2013-03-04,2013-03-14,15.49,18.35,20.81,22.19,=,30,40,50,60,2.86,2.46,1.38,6.7,92,169,132,=,131,2013-03-14,60,14:30:00,91,175,14.15,8.669,0.996,0.063,0.226,0.1,0.155,0.301,0.052,0.172,0.278,0.377,0.15,=,=,84,0.803
7092,B6.C,6644,=,=,=,=,M,4,2013-01-13,12,2013-02-12,2013-02-12,6,6,12,6,501,S,1,1,B,2013-02-22,2013-03-04,2013-03-14,15.18,18.24,20.16,23.63,=,30,40,50,60,3.06,1.92,3.47,8.45,92,169,132,=,131,2013-03-14,60,14:45:00,93,176,14.6,9.547,0.989,0.07,0.234,0.109,0.164,0.309,0.061,0.172,0.285,0.387,0.153,=,=,83,0.827
7093,B6.C,6644,=,=,=,=,M,4,2013-01-13,12,2013-02-12,2013-02-12,6,6,12,6,501,S,1,1,B,2013-02-22,2013-03-04,2013-03-14,16.03,19.46,22.17,23.79,=,30,40,50,60,3.43,2.71,1.62,7.76,92,169,132,=,131,2013-03-14,60,15:02:00,93,176,14.55,10.145,0.97,0.059,0.268,0.107,0.179,0.39,0.072,0.174,0.34,=,0.131,=,=,83,0.976
7094,B6.C,6644,=,=,=,=,M,4,2013-01-13,12,2013-02-12,2013-02-12,6,6,12,6,501,S,1,1,B,2013-02-22,2013-03-04,2013-03-14,15.6,20.16,21.85,22.56,=,30,40,50,60,4.56,1.69,0.71,6.96,92,169,132,=,131,2013-03-14,60,15:17:00,93,174,14.54,9.028,0.936,0.055,0.23,0.103,0.159,0.328,0.059,0.154,0.292,0.404,0.124,=,=,81,0.833
7105,B6.C,6645,7016,6830,=,=,M,4,2013-01-13,16,2013-02-12,2013-02-12,6,10,16,5,504,S,1,1,B,2013-02-22,2013-03-04,2013-03-14,13.99,18.51,22.24,24.59,=,30,40,50,60,4.52,3.73,2.35,10.6,92,131,=,=,112,2013-03-14,60,15:33:00,95,179,14.65,9.78,1.072,0.082,0.277,0.109,0.168,0.21,0.028,0.121,0.173,0.386,0.142,=,=,84,0.532
7106,B6.C,6645,7016,6830,=,=,M,4,2013-01-13,16,2013-02-12,2013-02-12,6,10,16,5,504,S,1,1,B,2013-02-22,2013-03-04,2013-03-14,14.77,18.66,21.56,23.76,=,30,40,50,60,3.89,2.9,2.2,8.99,92,131,=,=,112,2013-03-14,60,15:05:00,94,174,14.65,10.016,0.989,0.085,0.256,0.107,0.162,0.231,0.034,0.105,0.195,0.393,0.178,=,=,80,0.565
7107,B6.C,6645,7016,6830,=,=,M,4,2013-01-13,16,2013-02-12,2013-02-12,6,10,16,5,504,S,1,1,B,2013-02-22,2013-03-04,2013-03-14,12.72,16.24,19.09,21.35,=,30,40,50,60,3.52,2.85,2.26,8.63,92,131,=,=,112,2013-03-14,60,16:05:00,90,170,14,8.509,0.86,0.061,0.208,0.09,0.149,0.234,0.038,0.147,0.23,0.372,0.138,=,=,80,0.649
7108,B6.C,6645,7016,6830,=,=,M,4,2013-01-13,16,2013-02-12,2013-02-12,6,10,16,5,504,S,1,1,B,2013-02-22,2013-03-04,2013-03-14,14.28,19.01,21.99,23.55,=,30,40,50,60,4.73,2.98,1.56,9.27,92,131,=,=,112,2013-03-14,60,16:21:00,93,178,14.65,9.874,0.953,0.067,0.262,0.105,0.163,0.212,0.028,0.119,0.193,0.395,0.157,=,=,85,0.552
7109,B6.C,6645,7016,6830,=,=,M,4,2013-01-13,16,2013-02-12,2013-02-12,6,10,16,5,504,S,1,1,B,2013-02-22,2013-03-04,2013-03-14,12.85,17.52,20.54,22.33,=,30,40,50,60,4.67,3.02,1.79,9.48,92,131,=,=,112,2013-03-14,60,16:37:00,93,179,14.45,9.003,0.923,0.061,0.236,0.093,0.151,0.233,0.035,0.084,0.207,0.385,0.154,=,=,86,0.559
7147,B6.A-X BC1,6682,6824,6777,=,=,M,BC1,2013-01-19,3,2013-02-18,2013-02-18,2,1,3,4,513,S,1,1,B,2013-02-28,2013-03-10,2013-03-20,17.5,20.73,23.34,24.91,d60+1,30,40,50,60,3.23,2.61,1.57,7.41,137,175,=,=,156,2013-03-21,61,14:47:00,93,173,14.85,10.15,1.188,0.08,0.268,0.11,0.168,0.281,0.062,0.178,0.26,0.405,0.159,=,=,80,0.781
7148,B6.A-19 BC2,6628,6843,=,=,=,M,BC2,2013-01-20,5,2013-02-19,2013-02-19,2,3,5,4,513,S,1,1,B,2013-03-01,2013-03-11,2013-03-21,19.18,19.18,22.18,23.95,=,30,40,50,60,0,3,1.77,4.77,126,=,=,=,126,2013-03-21,60,15:02:00,93,173,14.45,9.695,1.004,0.078,0.236,0.103,0.179,0.272,0.057,0.155,0.261,0.397,0.161,=,=,80,0.745
7149,B6.A-19 BC2,6628,6843,=,=,=,M,BC2,2013-01-20,5,2013-02-19,2013-02-19,2,3,5,4,513,S,1,1,B,2013-03-01,2013-03-11,2013-03-21,20.36,20.36,22.95,24.21,=,30,40,50,60,0,2.59,1.26,3.85,126,=,=,=,126,2013-03-21,60,15:18:00,92,174,14.6,10.193,1.064,0.062,0.264,0.113,0.184,0.29,0.053,0.179,0.277,0.397,0.16,=,=,82,0.799
7150,B6.A-19 BC2,6628,6843,=,=,=,M,BC2,2013-01-20,5,2013-02-19,2013-02-19,2,3,5,4,513,S,1,1,B,2013-03-01,2013-03-11,2013-03-21,20.09,20.09,22.91,25.32,=,30,40,50,60,0,2.82,2.41,5.23,126,=,=,=,126,2013-03-21,60,15:38:00,95,174,=,10.678,1.105,0.078,0.269,0.115,0.183,0.247,0.042,0.177,0.218,0.402,0.169,=,L,79,0.684
7151,B6.A-15 BC2,6765,6825,6779,=,=,M,BC2,2013-01-20,5,2013-02-20,2013-02-20,3,2,5,2,514,S,1,1,B,2013-03-01,2013-03-11,2013-03-21,14.68,18.82,20.88,22.79,in w/ litter dob = 29/1; selected by weight,31,40,50,60,4.14,2.06,1.91,8.11,138,176,=,=,157,2013-03-21,60,15:53:00,92,172,14.35,9.2,0.984,0.061,0.24,0.101,0.168,0.287,0.045,0.142,0.222,0.403,0.153,=,=,80,0.696
7152,B6.A-15 BC2,6765,6825,6779,=,=,M,BC2,2013-01-20,5,2013-02-20,2013-02-20,3,2,5,2,514,S,1,1,B,2013-03-01,2013-03-11,2013-03-21,15.85,19.83,22.03,23.96,=,31,40,50,60,3.98,2.2,1.93,8.11,138,176,=,=,157,2013-03-21,60,16:08:00,93,176,14.6,9.359,1.056,0.062,0.272,0.106,0.176,0.331,0.067,0.202,0.292,0.398,0.147,=,=,83,0.892
7153,B6.A-X BC1,6682,6824,6777,=,=,M,BC1,2013-01-25,6,2013-02-24,2013-02-24,4,2,6,5,515,S,1,1,B,2013-03-06,2013-03-16,2013-03-26,15.09,19.36,22.44,24,=,30,40,50,60,4.27,3.08,1.56,8.91,143,181,=,=,162,2013-03-26,60,14:47:00,93,175,=,9.884,1.031,0.063,0.267,0.122,0.168,0.252,0.052,0.153,0.255,0.393,0.173,=,L,82,0.712
7154,B6.A-X BC1,6682,6824,6777,=,=,M,BC1,2013-01-25,6,2013-02-24,2013-02-24,4,2,6,5,515,S,1,1,B,2013-03-06,2013-03-16,2013-03-26,14.4,19.32,23.69,24.61,=,30,40,50,60,4.92,4.37,0.92,10.21,143,181,=,=,162,2013-03-26,60,15:05:00,94,174,14.6,10.296,1.037,0.065,0.263,0.112,0.154,0.256,0.048,0.148,0.26,0.389,0.156,=,=,80,0.712
7155,B6.A-X BC1,6677,6844,=,=,=,M,BC1,2013-01-25,8,2013-02-24,2013-02-24,3,5,8,5,515,S,1,1,B,2013-03-06,2013-03-16,2013-03-26,13,18.65,22.61,24.49,=,30,40,50,60,5.65,3.96,1.88,11.49,131,=,=,=,131,2013-03-26,60,15:19:00,92,173,14.55,9.941,1.011,0.064,0.26,0.11,0.181,0.342,0.064,0.188,0.303,0.393,0.161,=,=,81,0.897
7156,B6.A-X BC1,6677,6844,=,=,=,M,BC1,2013-01-25,8,2013-02-24,2013-02-24,3,5,8,5,515,S,1,1,B,2013-03-06,2013-03-16,2013-03-26,13.57,19,22.77,24.21,=,30,40,50,60,5.43,3.77,1.44,10.64,131,=,=,=,131,2013-03-26,60,15:35:30,94,174,14.75,10.115,1.041,0.087,0.252,0.119,0.186,0.37,0.056,0.16,0.256,0.42,0.158,=,=,80,0.842
7157,B6.A-X BC1,6677,6844,=,=,=,M,BC1,2013-01-25,8,2013-02-24,2013-02-24,3,5,8,5,515,S,1,1,B,2013-03-06,2013-03-16,2013-03-26,3.13,17.8,21.4,23.4,=,30,40,50,60,14.67,3.6,2,20.27,131,=,=,=,131,2013-03-26,60,15:52:00,94,171,14.4,9.472,0.989,0.068,0.261,0.093,0.174,0.29,0.064,0.19,0.244,0.395,0.126,=,=,77,0.788
7158,B6.A-X BC1,6677,6844,=,=,=,M,BC1,2013-01-25,8,2013-02-24,2013-02-24,3,5,8,5,516,S,1,1,B,2013-03-06,2013-03-16,2013-03-26,14.31,18.41,21.14,22.73,=,30,40,50,60,4.1,2.73,1.59,8.42,131,=,=,=,131,2013-03-26,60,16:08:00,96,174,14.65,9.64,0.933,0.064,0.243,0.108,0.166,0.219,0.03,0.119,0.214,0.4,0.156,=,=,78,0.582
7159,B6.A-X BC1,6677,6844,=,=,=,M,BC1,2013-01-25,8,2013-02-24,2013-02-24,3,5,8,5,516,S,1,1,B,2013-03-06,2013-03-16,2013-03-26,13.76,19.23,22.48,24.1,=,30,40,50,60,5.47,3.25,1.62,10.34,131,=,=,=,131,2013-03-26,60,16:25:00,94,174,14.6,10.221,0.976,0.065,0.256,0.117,0.171,0.274,0.042,0.144,0.225,0.387,0.159,=,=,80,0.685
7171,B6.A-15 BC2,6821,6850,=,=,=,M,BC2,2013-01-30,6,2013-03-01,2013-03-01,3,3,6,4,519,S,1,1,B,2013-03-11,2013-03-21,2013-03-31,14.75,19.62,22.69,25.51,=,30,40,50,60,4.87,3.07,2.82,10.76,133,=,=,=,133,2013-04-01,61,15:55:00,94,176,14.7,10.695,1.16,0.073,0.259,0.105,0.166,0.27,0.049,0.164,0.254,0.395,0.16,=,=,82,0.737
7172,B6.A-15 BC2,6821,6850,=,=,=,M,BC2,2013-01-30,6,2013-03-01,2013-03-01,3,3,6,4,519,S,1,1,B,2013-03-11,2013-03-21,2013-03-31,14.23,20.31,22.99,24.35,=,30,40,50,60,6.08,2.68,1.36,10.12,133,=,=,=,133,2013-04-01,61,16:10:00,94,173,14.55,10.95,1.048,0.065,0.249,0.1,0.152,0.291,0.058,0.176,0.25,0.406,0.144,=,=,79,0.775
7173,B6.A-15 BC2,6821,6850,=,=,=,M,BC2,2013-01-30,6,2013-03-01,2013-03-01,3,3,6,4,519,S,1,1,B,2013-03-11,2013-03-21,2013-03-31,14.25,18.77,20.44,23.63,=,30,40,50,60,4.52,1.67,3.19,9.38,133,=,=,=,133,2013-04-01,61,16:19:00,92,174,14.25,9.929,1.047,0.076,0.254,0.104,0.177,0.218,0.045,0.161,0.227,0.406,0.176,=,=,82,0.651
7174,B6.A-17 BC2,6588,6812,=,=,=,M,BC2,2013-01-31,10,2013-03-01,2013-03-01,7,3,10,3,520,S,1,1,B,2013-03-12,2013-03-22,2013-04-01,11.69,17.74,20.25,21.1,d30-1; dam died at 24d,29,40,50,60,6.05,2.51,0.85,9.41,167,=,=,=,167,2013-04-03,62,14:18:00,92,171,14.2,9.055,0.841,0.096,0.268,0.115,0.157,0.292,0.081,0.214,0.336,0.424,0.134,=,=,79,0.923
7175,B6.A-17 BC2,6588,6812,=,=,=,M,BC2,2013-01-31,10,2013-03-01,2013-03-01,7,3,10,3,520,S,1,1,B,2013-03-12,2013-03-22,2013-04-01,12.37,18.86,21.14,21.35,=,29,40,50,60,6.49,2.28,0.21,8.98,167,=,=,=,167,2013-04-03,62,14:33:00,91,169,14.5,9.159,1.057,0.061,0.238,0.105,0.168,0.28,0.057,0.207,0.307,0.38,0.131,=,=,78,0.851
7176,B6.A-17 BC2,6588,6812,=,=,=,M,BC2,2013-01-31,10,2013-03-01,2013-03-01,7,3,10,3,520,S,1,1,B,2013-03-12,2013-03-22,2013-04-01,14.19,20.19,22.47,23.04,=,29,40,50,60,6,2.28,0.57,8.85,167,=,=,=,167,2013-04-03,62,14:52:00,92,168,14.35,9.643,1.041,0.062,0.252,0.111,0.174,0.34,0.072,0.233,0.327,0.414,0.163,=,=,76,0.972
7177,B6.A-15 BC2,6818,6846,=,=,=,M,BC2,2013-02-02,3,2013-03-04,2013-03-04,2,1,3,5,521,S,1,1,B,2013-03-14,2013-03-24,2013-04-03,15.71,21.51,24.4,25.19,d50+4,30,40,50,60,5.8,2.89,0.79,9.48,152,=,=,=,152,2013-04-03,60,15:08:00,93,170,14.7,10.466,1.088,0.088,0.287,0.114,0.161,0.206,0.037,0.147,0.195,0.394,0.154,=,=,77,0.585
7178,B6.A-17 BC2,6716,6851,=,=,=,M,BC2,2013-02-02,6,2013-03-04,2013-03-04,3,3,6,5,521,S,1,1,B,2013-03-14,2013-03-24,2013-04-03,14.72,20.17,23.69,25.98,d50+4,30,40,50,60,5.45,3.52,2.29,11.26,136,=,=,=,136,2013-04-03,60,15:24:00,93,175,14.65,10.343,1.145,0.075,0.271,0.108,0.178,0.348,0.069,0.219,0.285,0.4,0.148,=,=,82,0.921
7179,B6.A-17 BC2,6716,6851,=,=,=,M,BC2,2013-02-02,6,2013-03-04,2013-03-04,3,3,6,5,521,S,1,1,B,2013-03-14,2013-03-24,2013-04-03,15.15,19.97,23.5,25.58,d50+4,30,40,50,60,4.82,3.53,2.08,10.43,136,=,=,=,136,2013-04-03,60,15:39:00,94,174,14.55,10.025,1.238,0.088,0.269,0.131,0.163,0.238,0.047,0.167,0.258,0.412,0.174,=,=,80,0.71
7180,B6.A-17 BC2,6716,6851,=,=,=,M,BC2,2013-02-02,6,2013-03-04,2013-03-04,3,3,6,5,521,S,1,1,B,2013-03-14,2013-03-24,2013-04-03,14.19,19.9,23.59,24.52,d50+4,30,40,50,60,5.71,3.69,0.93,10.33,136,=,=,=,136,2013-04-03,60,15:53:00,93,174,14.5,9.924,1.096,0.06,0.256,0.109,0.172,0.349,0.081,0.225,0.314,0.411,0.161,=,=,81,0.969
7181,B6.A-19 BC2,6581,6823,6813,=,=,M,BC2,2013-02-02,10,2013-03-04,2013-03-04,5,5,10,5,521,S,1,1,B,2013-03-14,2013-03-24,2013-04-03,16.08,21.19,24.57,25.62,d50+4,30,40,50,60,5.11,3.38,1.05,9.54,151,169,=,=,160,2013-04-03,60,16:10:00,94,177,14.8,10.478,1.194,0.075,0.295,0.11,0.17,0.398,0.077,0.217,0.29,0.404,0.184,=,=,83,0.982
7182,B6.A-19 BC2,6581,6823,6813,=,=,M,BC2,2013-02-02,10,2013-03-04,2013-03-04,5,5,10,5,522,S,1,1,B,2013-03-14,2013-03-24,2013-04-03,13.71,18.53,22.05,23.31,d50+4,30,40,50,60,4.82,3.52,1.26,9.6,151,169,=,=,160,2013-04-03,60,16:26:00,91,174,14.35,9.497,0.945,0.067,0.265,0.113,0.161,0.334,0.07,0.199,0.305,0.386,0.133,=,=,83,0.908
7183,B6.A-19 BC2,6581,6823,6813,=,=,M,BC2,2013-02-02,10,2013-03-04,2013-03-04,5,5,10,5,522,S,1,1,B,2013-03-14,2013-03-24,2013-04-03,15.85,20.48,23.7,25.1,d50+4,30,40,50,60,4.63,3.22,1.4,9.25,151,169,=,=,160,2013-04-03,60,16:41:36,93,175,14.65,10.222,1.063,0.082,0.251,0.08,0.166,0.28,0.044,0.149,0.234,0.395,0.155,=,=,82,0.707
7184,B6.A-19 BC2,6581,6823,6813,=,=,M,BC2,2013-02-02,10,2013-03-04,2013-03-04,5,5,10,5,522,S,1,1,B,2013-03-14,2013-03-24,2013-04-03,16.03,20.73,24.6,25.99,d50+4,30,40,50,60,4.7,3.87,1.39,9.96,151,169,=,=,160,2013-04-03,60,16:55:00,93,170,14.65,10.374,1.128,0.079,0.272,0.115,0.178,0.394,0.087,0.196,0.318,0.402,0.208,=,=,77,0.995
7185,B6.A-19 BC2,6581,6823,6813,=,=,M,BC2,2013-02-02,10,2013-03-04,2013-03-04,5,5,10,5,522,S,1,1,B,2013-03-14,2013-03-24,2013-04-03,16.13,20.68,23.03,24.51,d50+4,30,40,50,60,4.55,2.35,1.48,8.38,151,169,=,=,160,2013-04-03,60,17:11:00,94,173,14.5,9.717,0.976,0.069,0.255,0.107,0.188,0.369,0.072,0.195,0.326,0.4,0.153,=,=,79,0.962
7186,B6.A-X BC1,6685,=,=,=,=,M,BC1,2013-02-02,7,2013-03-04,2013-03-04,4,3,7,5,522,S,1,1,B,2013-03-14,2013-03-24,2013-04-03,17.04,22.09,25.1,26.3,d50+4,30,40,50,60,5.05,3.01,1.2,9.26,112,151,136,=,133,2013-04-03,60,17:30:00,96,176,14.8,10.691,1.085,0.073,0.286,0.112,0.155,0.291,0.046,0.179,0.239,0.391,0.176,=,=,80,0.755
7187,B6.A-X BC1,6685,=,=,=,=,M,BC1,2013-02-02,7,2013-03-04,2013-03-04,4,3,7,5,523,S,1,1,B,2013-03-14,2013-03-24,2013-04-03,17.36,20.49,22.08,23.5,d50+4,30,40,50,60,3.13,1.59,1.42,6.14,112,151,136,=,133,2013-04-03,60,17:45:00,94,177,14.3,9.735,1.038,0.069,0.259,0.107,0.172,0.431,0.082,0.228,0.333,0.396,0.176,=,=,83,1.074
7188,B6.A-X BC1,6685,=,=,=,=,M,BC1,2013-02-02,7,2013-03-04,2013-03-04,4,3,7,5,523,S,1,1,B,2013-03-14,2013-03-24,2013-04-03,17.45,21.1,23.26,25.35,d50+4,30,40,50,60,3.65,2.16,2.09,7.9,112,151,136,=,133,2013-04-03,60,18:02:00,94,178,14.75,10.123,1.117,0.071,0.311,0.102,0.158,0.41,0.072,0.219,0.309,0.417,0.179,=,=,84,1.01
7189,B6.A-15 BC2,6764,6811,6835,=,=,M,BC2,2013-02-06,4,2013-03-08,2013-03-08,1,3,4,5,523,S,1,1,B,2013-03-18,2013-03-28,2013-04-07,16.66,19.1,22.65,23.31,=,30,40,50,60,2.44,3.55,0.66,6.65,173,155,=,=,164,2013-04-08,61,14:20:00,93,176,14.25,9.771,1.094,0.07,0.258,0.114,0.182,0.335,0.071,0.169,0.313,0.407,0.109,=,=,83,0.888
7190,B6.A-15 BC2,6764,6811,6835,=,=,M,BC2,2013-02-06,4,2013-03-08,2013-03-08,1,3,4,5,523,S,1,1,B,2013-03-18,2013-03-28,2013-04-07,17.62,19.61,22.44,24.9,=,30,40,50,60,1.99,2.83,2.46,7.28,173,155,=,=,164,2013-04-08,61,14:35:00,94,175,14.5,10.79,1.05,0.074,0.275,0.11,0.194,0.393,0.074,0.201,0.281,0.415,0.169,=,L,81,0.949
7191,B6.A-15 BC2,6764,6811,6835,=,=,M,BC2,2013-02-06,4,2013-03-08,2013-03-08,1,3,4,5,523,S,1,1,B,2013-03-18,2013-03-28,2013-04-07,17.88,19.73,21.61,24.42,=,30,40,50,60,1.85,1.88,2.81,6.54,173,155,=,=,164,2013-04-08,61,14:51:00,94,176,=,10.168,1.067,0.073,0.272,0.114,0.185,0.368,0.061,0.181,0.313,0.405,0.184,=,=,82,0.923
7192,B6.A-19 BC2,6665,6848,=,=,=,M,BC2,2013-02-08,7,2013-03-10,2013-03-10,1,6,7,6,524,S,1,1,B,2013-03-20,2013-03-30,2013-04-09,15.74,19.09,21,23.23,d40+1; d50+2,30,40,50,60,3.35,1.91,2.23,7.49,142,=,=,=,142,2013-04-10,61,15:01:00,93,173,14.75,9.606,0.992,0.063,0.254,0.104,0.17,0.303,0.059,0.169,0.292,0.401,0.133,=,=,80,0.823
7193,B6.A-19 BC2,6665,6848,=,=,=,M,BC2,2013-02-08,7,2013-03-10,2013-03-10,1,6,7,6,524,S,1,1,B,2013-03-20,2013-03-30,2013-04-09,14.8,19,20.88,21.27,d40+1; d50+2,30,40,50,60,4.2,1.88,0.39,6.47,142,=,=,=,142,2013-04-10,61,15:15:00,91,174,14.4,8.634,0.899,0.062,0.225,0.094,0.172,0.343,0.063,0.164,0.289,0.397,0.14,=,=,83,0.859
7194,B6.A-19 BC2,6665,6848,=,=,=,M,BC2,2013-02-08,7,2013-03-10,2013-03-10,1,6,7,6,524,S,1,1,B,2013-03-20,2013-03-30,2013-04-09,14.21,18.15,21.76,22.99,d40+1; d50+2,30,40,50,60,3.94,3.61,1.23,8.78,142,=,=,=,142,2013-04-10,61,15:31:00,93,172,14.4,9.361,0.937,0.062,0.241,0.097,0.161,0.316,0.061,0.147,0.279,0.409,0.133,=,=,79,0.803
7195,B6.A-19 BC2,6665,6848,=,=,=,M,BC2,2013-02-08,7,2013-03-10,2013-03-10,1,6,7,6,524,S,1,1,B,2013-03-20,2013-03-30,2013-04-09,13.9,17.8,19.88,20.68,d40+1; d50+2,30,40,50,60,3.9,2.08,0.8,6.78,142,=,=,=,142,2013-04-10,61,15:46:00,90,169,14.35,8.441,0.838,0.055,0.242,0.09,0.16,0.264,0.053,0.158,0.238,0.385,0.14,=,=,79,0.713
7196,B6.A-19 BC2,6665,6848,=,=,=,M,BC2,2013-02-08,7,2013-03-10,2013-03-10,1,6,7,6,524,S,1,1,B,2013-03-20,2013-03-30,2013-04-09,14.44,19.16,21.35,22.48,d40+1; d50+2,30,40,50,60,4.72,2.19,1.13,8.04,142,=,=,=,142,2013-04-10,61,16:02:00,91,172,14.55,9.219,0.898,0.068,0.253,0.095,0.16,0.374,0.074,0.155,0.285,0.393,0.148,=,=,81,0.888
7197,B6.A-19 BC2,6665,6848,=,=,=,M,BC2,2013-02-08,7,2013-03-10,2013-03-10,1,6,7,6,524,S,1,1,B,2013-03-20,2013-03-30,2013-04-09,14.61,19.12,21.69,23.25,d40+1; d50+2,30,40,50,60,4.51,2.57,1.56,8.64,142,=,=,=,142,2013-04-10,61,16:17:00,91,172,14.45,9.478,0.829,0.066,0.223,0.091,0.156,0.375,0.08,0.224,0.31,0.383,0.108,=,=,81,0.989
7220,B6.A-15 BC2,6765,6825,6779,=,=,M,BC2,2013-02-14,3,2013-03-16,2013-03-16,2,1,3,5,531,S,1,1,B,2013-03-26,2013-04-05,2013-04-15,19.79,23.47,27,27.29,d50+2,30,40,50,60,3.68,3.53,0.29,7.5,163,201,=,=,182,2013-04-15,60,10:25:00,98,178,15,11.069,1.32,0.074,0.301,0.113,0.182,0.541,0.116,0.206,0.389,0.408,0.181,=,=,80,1.252
7221,B6.A-17 BC2,6590,6826,6827,=,=,M,BC2,2013-02-14,7,2013-03-16,2013-03-16,3,4,7,5,231,S,1,1,B,2013-03-26,2013-04-05,2013-04-15,16.19,19.97,24.38,26.85,in w/7230-7231 ~12g each; d50+2,30,40,50,60,3.78,4.41,2.47,10.66,163,163,=,=,163,2013-04-15,60,10:43:00,93,176,14.5,10.64,1.26,0.082,0.269,0.111,0.189,0.404,0.07,0.207,0.333,0.403,0.156,=,=,83,1.014
7222,B6.A-17 BC2,6590,6826,6827,=,=,M,BC2,2013-02-14,7,2013-03-16,2013-03-16,3,4,7,5,231,S,1,1,B,2013-03-26,2013-04-05,2013-04-15,16.26,20.62,24.68,26.05,d50+2,30,40,50,60,4.36,4.06,1.37,9.79,163,163,=,=,163,2013-04-15,60,10:59:00,96,177,14.75,10.816,1.271,0.082,0.283,0.113,0.19,0.317,0.04,0.159,0.226,0.409,0.172,=,=,81,0.742
7230,B6.A-17 BC2,6590,6826,6827,=,=,M,BC2,2013-02-14,7,2013-03-16,2013-03-16,3,4,7,5,531,S,1,1,B,2013-03-26,2013-04-05,2013-04-15,11.79,15.45,18.67,21.1,unsure if from same litter as 7221-7222; sibs weigh 16g. Pups from dob 1/3 were less lucid and smaller < 9 g; d50+2,30,40,50,60,3.66,3.22,2.43,9.31,163,163,=,=,163,2013-04-15,60,11:15:00,89,165,=,8.181,1.116,0.055,0.216,0.096,0.154,0.4,0.067,0.153,0.287,0.372,0.118,=,=,76,0.907
7231,B6.A-17 BC2,6590,6826,6827,=,=,M,BC2,2013-02-14,7,2013-03-16,2013-03-16,3,4,7,5,531,S,1,1,B,2013-03-26,2013-04-05,2013-04-15,12.44,16.88,20.6,23.06,unsure if from same litter as 7221-7222; sibs weigh 16g. Pups from dob 1/3 were less lucid and smaller < 9 g; d50+2,30,40,50,60,4.44,3.72,2.46,10.62,163,163,=,=,163,2013-04-15,60,11:30:00,92,172,14.1,9.544,0.841,0.097,0.254,0.126,0.157,0.327,0.058,0.207,0.291,0.412,0.144,=,=,80,0.883
7242,B6.A-15 BC2,6765,6825,6779,=,=,M,BC2,2013-02-20,4,2013-03-22,2013-03-22,2,2,4,4,536,S,1,1,B,2013-04-01,2013-04-11,2013-04-21,16.05,19.9,24.01,25.7,=,30,40,50,60,3.85,4.11,1.69,9.65,169,207,=,=,188,2013-04-22,61,16:30:00,94,176,14.6,10.649,1.113,0.072,0.281,0.116,0.185,0.378,0.072,0.205,0.294,0.415,0.174,=,=,82,0.949
7243,B6.A-15 BC2,6765,6825,6779,=,=,M,BC2,2013-02-20,4,2013-03-22,2013-03-22,2,2,4,4,536,S,1,1,B,2013-04-01,2013-04-11,2013-04-21,18.48,22.19,24.75,26.17,=,30,40,50,60,3.71,2.56,1.42,7.69,169,207,=,=,188,2013-04-22,61,16:44:00,96,178,14.95,10.791,1.15,0.062,0.302,0.114,0.173,0.411,0.087,0.219,0.322,0.423,0.165,=,=,82,1.039
7267,B6.A-X BC1,6685,7015,6829,=,=,M,BC1,2013-02-25,3,2013-03-27,2013-03-27,2,1,3,4,542,S,1,1,B,2013-04-06,2013-04-16,2013-04-26,13.21,19.98,23.96,24.94,based on size; in w 2/28,30,40,50,60,6.77,3.98,0.98,11.73,135,174,=,=,155,2013-04-26,60,14:33:00,96,174,14.15,9.738,0.818,0.092,0.297,0.111,0.174,0.528,0.144,0.262,0.538,0.438,0.122,=,=,78,1.472
7268,B6.A-19 BC2,6610,7014,6028,=,=,M,BC2,2013-02-27,7,2013-03-27,2013-03-27,4,3,7,4,542,S,1,1,B,2013-04-08,2013-04-18,2013-04-28,15.15,20.09,23.63,24.6,based on size; in w 2/28,28,40,50,60,4.94,3.54,0.97,9.45,137,346,=,=,242,2013-04-29,61,13:35:00,103,178,14.7,10.596,1.094,0.069,0.271,0.105,0.183,0.431,0.075,0.215,0.272,0.398,0.155,=,=,75,0.993
7269,B6.A-19 BC2,6610,7014,6028,=,=,M,BC2,2013-02-27,7,2013-03-27,2013-03-27,4,3,7,4,542,S,1,1,B,2013-04-08,2013-04-18,2013-04-28,15.48,20.59,23.65,24.53,based on size; in w 2/28,28,40,50,60,5.11,3.06,0.88,9.05,137,346,=,=,242,2013-04-29,61,13:52:00,104,179,14.5,9.916,1.114,0.062,0.255,0.1,0.161,0.423,0.08,0.238,0.271,0.405,0.169,=,=,75,1.012
7270,B6.A-19 BC2,6610,7014,6028,=,=,M,BC2,2013-02-27,7,2013-03-27,2013-03-27,4,3,7,4,542,S,1,1,B,2013-04-08,2013-04-18,2013-04-28,15.7,21.03,24.12,24.61,based on size; in w 2/28,28,40,50,60,5.33,3.09,0.49,8.91,137,346,=,=,242,2013-04-29,61,14:09:00,104,182,14.6,10.123,1.004,0.069,0.279,0.105,0.188,0.377,0.056,0.173,0.251,0.409,0.141,=,=,78,0.857
7271,B6.A-19 BC2,6610,7014,6028,=,=,M,BC2,2013-02-28,7,2013-03-29,2013-03-29,4,3,7,4,543,S,1,1,B,2013-04-09,2013-04-19,2013-04-29,12.55,19.16,22.2,22.94,based on size; in w 2/25,29,40,50,60,6.61,3.04,0.74,10.39,138,347,=,=,243,2013-04-30,61,15:25:00,102,177,14.25,9.524,1.044,0.058,0.252,0.103,0.182,0.315,0.067,0.202,0.317,0.402,0.154,=,=,75,0.901
7272,B6.A-19 BC2,6610,7014,6028,=,=,M,BC2,2013-02-28,7,2013-03-29,2013-03-29,4,3,7,4,543,S,1,1,B,2013-04-09,2013-04-19,2013-04-29,11.46,19.37,23.09,24.43,based on size; in w 2/25,29,40,50,60,7.91,3.72,1.34,12.97,138,347,=,=,243,2013-04-30,61,15:45:00,103,176,14.55,10.196,1.19,0.077,0.266,0.109,0.16,0.328,0.066,0.19,0.288,0.393,0.149,=,=,73,0.872
7273,B6.A-19 BC2,6610,7014,6028,=,=,M,BC2,2013-02-28,7,2013-03-29,2013-03-29,4,3,7,4,543,S,1,1,B,2013-04-09,2013-04-19,2013-04-29,12.31,19.1,23.76,24.57,based on size; in w 2/25,29,40,50,60,6.79,4.66,0.81,12.26,138,347,=,=,243,2013-04-30,61,15:59:00,104,178,14.75,10.242,1.123,0.087,0.277,0.105,0.181,0.276,0.049,0.173,0.251,0.406,0.137,=,=,74,0.749
7274,B6.A-19 BC2,6610,7014,6028,=,=,M,BC2,2013-02-28,7,2013-03-29,2013-03-29,4,3,7,4,543,S,1,1,B,2013-04-09,2013-04-19,2013-04-29,14,19.17,21.9,23.61,based on size; in w 2/25,29,40,50,60,5.17,2.73,1.71,9.61,138,347,=,=,243,2013-04-30,61,16:14:00,104,177,14.6,10.142,1.021,0.066,0.288,0.107,0.179,0.305,0.05,0.179,0.257,0.403,0.137,=,=,73,0.791
7275,B6.A-17 BC2,6716,6851,=,=,=,M,BC2,2013-03-01,6,2013-04-01,2013-04-01,2,4,6,5,544,S,1,1,B,2013-04-10,2013-04-20,2013-04-30,14.98,18.95,21.49,23.06,d30+1,31,40,50,60,3.97,2.54,1.57,8.08,163,=,=,=,163,2013-04-30,60,16:29:30,98,171,14.35,9.483,0.862,0.063,0.273,0.104,0.168,0.314,0.06,0.18,0.293,0.39,0.152,=,=,73,0.847
7276,B6.A-17 BC2,6716,6851,=,=,=,M,BC2,2013-03-01,6,2013-04-01,2013-04-01,2,4,6,5,544,S,1,1,B,2013-04-10,2013-04-20,2013-04-30,14.54,18.29,20.87,23.11,d30+1,31,40,50,60,3.75,2.58,2.24,8.57,163,=,=,=,163,2013-04-30,60,16:43:00,91,171,14.35,9.285,0.896,0.062,0.261,0.105,0.172,0.31,0.067,0.182,0.293,0.4,0.117,=,=,80,0.852
7277,B6.A-17 BC2,6716,6851,=,=,=,M,BC2,2013-03-01,6,2013-04-01,2013-04-01,2,4,6,5,544,S,1,1,B,2013-04-10,2013-04-20,2013-04-30,14.6,19.61,23.04,24.35,d30+1,31,40,50,60,5.01,3.43,1.31,9.75,163,=,=,=,163,2013-04-30,60,16:57:00,95,176,14.4,10.012,0.976,0.075,0.257,0.106,0.171,0.343,0.062,0.173,0.295,0.391,0.136,=,=,81,0.873
7278,B6.A-17 BC2,6716,6851,=,=,=,M,BC2,2013-03-01,6,2013-04-01,2013-04-01,2,4,6,5,544,S,1,1,B,2013-04-10,2013-04-20,2013-04-30,14.46,19.81,23.08,23.82,d30+1,31,40,50,60,5.35,3.27,0.74,9.36,163,=,=,=,163,2013-04-30,60,17:10:00,96,174,14.45,9.523,0.985,0.065,0.252,0.102,0.175,0.357,0.056,0.195,0.264,0.401,0.105,=,=,78,0.872
7279,B6.A-15 BC2,6821,6850,=,=,=,M,BC2,2013-03-01,9,2013-04-01,2013-04-01,4,4,8,5,544,S,1,1,B,2013-04-10,2013-04-20,2013-04-30,15.8,20.5,22.85,24.18,=,31,40,50,60,4.7,2.35,1.33,8.38,163,=,=,=,163,2013-05-01,61,10:20:00,95,176,14.45,10.018,1.347,0.064,0.267,0.103,0.169,0.379,0.072,0.211,0.273,0.407,0.149,=,=,81,0.935
7280,B6.A-15 BC2,6821,6850,=,=,=,M,BC2,2013-03-01,9,2013-04-01,2013-04-01,4,4,8,5,545,S,1,1,B,2013-04-10,2013-04-20,2013-04-30,15.36,19.9,23.06,24.26,=,31,40,50,60,4.54,3.16,1.2,8.9,163,=,=,=,163,2013-05-01,61,10:34:00,93,175,14.6,9.825,1.222,0.075,0.288,0.119,0.17,0.317,0.05,0.197,0.271,0.4,0.156,=,=,82,0.835
7281,B6.A-15 BC2,6821,6850,=,=,=,M,BC2,2013-03-01,9,2013-04-01,2013-04-01,4,4,8,5,545,S,1,1,B,2013-04-10,2013-04-20,2013-04-30,14.32,18.97,22.43,23.89,=,31,40,50,60,4.65,3.46,1.46,9.57,163,=,=,=,163,2013-05-01,61,10:50:00,93,170,14.4,10.218,1.265,0.074,0.26,0.114,0.131,0.269,0.049,0.167,0.235,0.402,0.16,=,=,77,0.72
7282,B6.A-15 BC2,6821,6850,=,=,=,M,BC2,2013-03-01,9,2013-04-01,2013-04-01,4,4,8,5,545,S,1,1,B,2013-04-10,2013-04-20,2013-04-30,15.23,17.81,21.56,22.42,=,31,40,50,60,2.58,3.75,0.86,7.19,163,=,=,=,163,2013-05-01,61,11:06:00,91,168,14.2,9.076,1.107,0.069,0.239,0.093,0.134,0.32,0.064,0.181,0.329,0.404,0.144,=,=,77,0.894
7283,B6.A-15 BC2,6818,6846,=,=,=,M,BC2,2013-03-01,5,2013-04-01,2013-04-01,1,4,5,5,545,S,1,1,B,2013-04-10,2013-04-20,2013-04-30,15.36,19.76,22.81,24.35,=,31,40,50,60,4.4,3.05,1.54,8.99,179,=,=,=,179,2013-05-01,61,11:19:00,93,171,14.45,9.867,1.198,0.064,0.282,0.108,0.173,0.389,0.089,0.207,0.339,0.409,0.154,=,=,78,1.024
7284,B6.A-15 BC2,6818,6846,=,=,=,M,BC2,2013-03-01,5,2013-04-01,2013-04-01,1,4,5,5,545,S,1,1,B,2013-04-10,2013-04-20,2013-04-30,16.04,20.4,23.15,24.23,=,31,40,50,60,4.36,2.75,1.08,8.19,179,=,=,=,179,2013-05-01,61,11:35:00,94,171,14.5,10.189,1.197,0.078,0.284,0.11,0.177,0.352,0.086,0.215,0.312,0.417,0.154,=,=,77,0.965
7285,B6.A-15 BC2,6818,6846,=,=,=,M,BC2,2013-03-01,5,2013-04-01,2013-04-01,1,4,5,5,546,S,1,1,B,2013-04-10,2013-04-20,2013-04-30,16.69,21.03,24.39,26.27,=,31,40,50,60,4.34,3.36,1.88,9.58,179,=,=,=,179,2013-05-01,61,11:50:00,94,174,14.8,11.16,1.356,0.098,0.31,0.129,0.182,0.226,0.046,0.167,0.255,0.414,0.139,=,=,80,0.694
7286,B6.A-15 BC2,6818,6846,=,=,=,M,BC2,2013-03-01,5,2013-04-01,2013-04-01,1,4,5,5,546,S,1,1,B,2013-04-10,2013-04-20,2013-04-30,15.31,20.01,23.83,25.34,=,31,40,50,60,4.7,3.82,1.51,10.03,179,=,=,=,179,2013-05-01,61,12:04:00,92,172,14.6,10.532,1.314,0.086,0.293,0.107,0.17,0.248,0.045,0.099,0.218,0.399,0.164,=,=,80,0.61
7293,B6.C,6645,6830,7016,=,=,M,4,2013-03-01,10,2013-04-01,2013-04-01,6,4,10,5,546,S,1,1,B,2013-04-10,2013-04-20,2013-04-30,11.99,16.25,19.6,22.05,=,31,40,50,60,4.26,3.35,2.45,10.06,178,139,=,=,159,2013-05-01,61,12:20:00,90,169,14.05,9.1,1.084,0.064,0.22,0.156,0.105,0.241,0.046,0.13,0.241,0.386,0.14,=,=,79,0.658
7294,B6.C,6645,6830,7016,=,=,M,4,2013-03-01,10,2013-04-01,2013-04-01,6,4,10,5,546,S,1,1,B,2013-04-10,2013-04-20,2013-04-30,14.61,19.06,22.22,24.36,=,31,40,50,60,4.45,3.16,2.14,9.75,178,139,=,=,159,2013-05-01,61,12:34:00,96,175,14.25,9.995,1.204,0.071,0.261,0.128,0.151,0.359,0.061,0.178,0.31,0.394,0.17,=,=,79,0.908
7295,B6.C,6645,6830,7016,=,=,M,4,2013-03-01,10,2013-04-01,2013-04-01,6,4,10,5,546,S,1,1,B,2013-04-10,2013-04-20,2013-04-30,14.35,19.24,22.89,24.3,=,31,40,50,60,4.89,3.65,1.41,9.95,178,139,=,=,159,2013-05-01,61,12:47:00,92,175,14.45,10.603,1.185,0.076,0.277,0.118,0.151,0.277,0.042,0.143,0.246,0.398,0.126,=,=,83,0.708
7296,B6.C,6645,6830,7016,=,=,M,4,2013-03-01,10,2013-04-01,2013-04-01,6,4,10,5,548,S,1,1,B,2013-04-10,2013-04-20,2013-04-30,14.54,19.36,23.73,25.65,d40+1,31,40,50,60,4.82,4.37,1.92,11.11,178,139,=,=,159,2013-05-01,61,13:01:00,95,177,14.55,10.326,1.175,0.085,0.27,0.112,0.157,0.303,0.044,0.15,0.251,0.391,0.153,=,=,82,0.748
7297,B6.A-X BC1,6685,=,=,=,=,M,BC1,2013-03-02,9,2013-04-01,2013-04-01,5,4,9,5,548,S,1,1,B,2013-04-11,2013-04-21,2013-05-01,15.09,19.18,23.1,25.44,=,30,40,50,60,4.09,3.92,2.34,10.35,140,179,164,=,161,2013-05-02,61,09:45:00,96,178,14.65,10.323,1.39,0.072,0.284,0.111,0.175,0.311,0.06,0.16,0.288,0.411,0.155,=,=,82,0.819
7298,B6.A-X BC1,6685,=,=,=,=,M,BC1,2013-03-02,9,2013-04-01,2013-04-01,5,4,9,5,548,S,1,1,B,2013-04-11,2013-04-21,2013-05-01,13.96,18.66,22.59,25.09,=,30,40,50,60,4.7,3.93,2.5,11.13,140,179,164,=,161,2013-05-02,61,10:00:00,93,175,14.45,10.108,1.356,0.097,0.272,0.109,0.181,0.28,0.054,0.166,0.259,0.385,0.133,=,=,82,0.759
7299,B6.A-X BC1,6685,=,=,=,=,M,BC1,2013-03-02,9,2013-04-01,2013-04-01,5,4,9,5,548,S,1,1,B,2013-04-11,2013-04-21,2013-05-01,14.63,19.51,22.68,24.68,=,30,40,50,60,4.88,3.17,2,10.05,140,179,164,=,161,2013-05-02,61,10:12:00,94,176,14.65,9.853,1.273,0.07,0.272,0.113,0.168,0.364,0.064,0.178,0.311,0.399,0.184,=,=,82,0.917
7300,B6.A-X BC1,6685,=,=,=,=,M,BC1,2013-03-02,9,2013-04-01,2013-04-01,5,4,9,5,548,S,1,1,B,2013-04-11,2013-04-21,2013-05-01,15.07,19.82,22.79,25.73,=,30,40,50,60,4.75,2.97,2.94,10.66,140,179,164,=,161,2013-05-02,61,10:25:00,95,177,14.85,11.051,1.388,0.08,0.317,0.115,0.175,0.244,0.04,0.151,0.213,0.401,0.178,=,=,82,0.648