id,strain,sire,dam,date.crossed,date.plug,sac,embryo.age,right.horn,left.horn,dead,horn,order,tod,placenta,embryo.wt,sex,comments
1,B6.A-15 BC1,4909,6636,2012-09-18,2012-09-19,2012-10-01,-,-,-,-,-,1,-,-,-,-,embryos did not appear 13d
2,B6.A-15 BC1,4909,6636,2012-09-18,2012-09-19,2012-10-01,-,-,-,-,-,2,-,-,-,-,
3,B6.A-19 BC1,5024,6563,2012-09-18,2012-09-19,2012-10-01,13,-,-,-,-,1,-,0.094,0.103,-,
4,B6.A-19 BC1,5024,6563,2012-09-18,2012-09-19,2012-10-01,13,-,-,-,-,2,-,0.118,0.112,-,
5,B6.A-19 BC1,5024,6563,2012-09-18,2012-09-19,2012-10-01,13,-,-,-,-,3,-,0.106,0.134,-,
6,B6.A-19 BC1,5024,6563,2012-09-18,2012-09-19,2012-10-01,13,-,-,-,-,4,-,0.092,0.107,-,
7,B6.A-19 BC1,5024,6563,2012-09-18,2012-09-19,2012-10-01,13,-,-,-,-,5,-,0.11,0.112,-,
8,B6.A-19 BC1,5024,6563,2012-09-18,2012-09-19,2012-10-01,13,-,-,-,-,6,-,0.109,0.123,-,
9,B6.A-19 BC1,5024,6563,2012-09-18,2012-09-19,2012-10-01,13,-,-,-,-,7,-,0.092,0.128,-,
10,B6.A-19 BC1,5024,6563,2012-09-18,2012-09-19,2012-10-01,13,-,-,-,-,8,-,0.07,0.111,-,
11,B6.A-19 BC1,5024,6563,2012-09-18,2012-09-19,2012-10-01,13,-,-,-,-,9,-,0.088,0.125,-,
12,B6.A-19 BC1,5024,6563,2012-09-18,2012-09-19,2012-10-01,13,-,-,-,-,10,-,0.08,0.12,-,
13,B6.A-19 BC1,4968,6635,2012-09-18,2012-09-19,2012-10-01,13,-,-,-,-,1,-,0.08,0.07,-,
14,B6.A-19 BC1,4968,6635,2012-09-18,2012-09-19,2012-10-01,13,-,-,-,-,2,-,0.074,0.086,-,
15,B6.A-19 BC1,4968,6635,2012-09-18,2012-09-19,2012-10-01,13,-,-,-,-,3,-,0.1,0.098,-,
16,B6.A-15 BC1,4909,6636,2012-09-18,2012-09-19,2012-10-01,13,-,-,-,-,1,-,0.082,0.089,-,
17,B6.A-15 BC1,4909,6636,2012-09-18,2012-09-19,2012-10-01,13,-,-,-,-,2,-,0.075,0.09,-,
18,B6.A-15 BC1,4909,6636,2012-09-18,2012-09-19,2012-10-01,13,-,-,-,-,3,-,0.086,0.089,-,
19,B6.A-15 BC1,4909,6636,2012-09-18,2012-09-19,2012-10-01,13,-,-,-,-,4,-,0.056,0.093,-,
20,B6.A-15 BC1,4909,6636,2012-09-18,2012-09-19,2012-10-01,13,-,-,-,-,5,-,0.031,0.09,-,
21,B6.A-15 BC1,4909,6636,2012-09-18,2012-09-19,2012-10-01,13,-,-,-,-,6,-,0.06,0.094,-,
22,B6.A-15 BC1,4909,6636,2012-09-18,2012-09-19,2012-10-01,13,-,-,-,-,7,-,0.075,0.095,-,
23,B6.A-15 BC1,4909,6636,2012-09-18,2012-09-19,2012-10-01,13,-,-,-,-,8,-,0.081,0.081,-,
24,B6.A-15 BC1,3511,6557,2012-09-18,2012-09-19,2012-10-01,13,-,-,-,-,1,-,0.111,0.148,-,
25,B6.A-15 BC1,3511,6557,2012-09-18,2012-09-19,2012-10-01,13,-,-,-,-,2,-,0.111,0.185,-,
26,B6.A-15 BC1,3511,6557,2012-09-18,2012-09-19,2012-10-01,13,-,-,-,-,3,-,0.12,0.141,-,
27,B6.A-15 BC1,3511,6557,2012-09-18,2012-09-19,2012-10-01,13,-,-,-,-,4,-,0.092,0.14,-,
28,B6.A-15 BC1,3511,6557,2012-09-18,2012-09-19,2012-10-01,13,-,-,-,-,5,-,0.083,0.145,-,
29,B6.A-15 BC1,3511,6557,2012-09-18,2012-09-19,2012-10-01,13,-,-,-,-,6,-,0.107,0.139,-,
30,B6.A-15 BC1,3511,6557,2012-09-18,2012-09-19,2012-10-01,13,-,-,-,-,7,-,0.11,0.136,-,
31,B6.A-17 BC1,485,6558,2012-09-18,2012-09-20,2012-10-02,13,-,-,-,-,1,-,0.066,0.069,-,
32,B6.A-17 BC1,485,6558,2012-09-18,2012-09-20,2012-10-02,13,-,-,-,-,2,-,0.04,0.04,-,
33,B6.A-17 BC1,485,6558,2012-09-18,2012-09-20,2012-10-02,13,-,-,-,-,3,-,0.074,0.076,-,
34,B6.A-17 BC1,485,6558,2012-09-18,2012-09-20,2012-10-02,13,-,-,-,-,4,-,0.063,0.073,-,
35,B6.A-17 BC1,485,6558,2012-09-18,2012-09-20,2012-10-02,13,-,-,-,-,5,-,0.044,0.08,-,
36,B6.A-17 BC1,485,6558,2012-09-18,2012-09-20,2012-10-02,13,-,-,-,-,6,-,0.042,0.075,-,
37,B6.A-17 BC1,485,6558,2012-09-18,2012-09-20,2012-10-02,13,-,-,-,-,7,-,0.04,0.069,-,
38,B6.A-17 BC1,485,6558,2012-09-18,2012-09-20,2012-10-02,13,-,-,-,-,8,-,0.053,0.071,-,
39,B6.A-17 BC1,485,6558,2012-09-18,2012-09-20,2012-10-02,13,-,-,-,-,9,-,0.062,0.068,-,
40,B6.A-X F1,4712,6560,2012-09-18,2012-09-21,2012-10-03,13,-,-,-,-,1,11:25:00,0.058,0.023,-,
41,B6.A-X F1,4712,6560,2012-09-18,2012-09-21,2012-10-03,13,-,-,-,-,2,-,0.072,0.038,-,
42,B6.A-17 BC1,4931,6573SV,2012-09-19,2012-09-21,2012-10-03,13,-,-,-,-,1,11:50:00,0.097,0.087,-,2 dead
43,B6.A-17 BC1,4931,6573SV,2012-09-19,2012-09-21,2012-10-03,13,-,-,-,-,2,-,0.08,0.092,-,
44,B6.A-17 BC1,4931,6573SV,2012-09-19,2012-09-21,2012-10-03,13,-,-,-,-,3,12:01:00,0.077,0.87,-,
45,B6.A-17 BC1,4931,6573SV,2012-09-19,2012-09-21,2012-10-03,13,-,-,-,-,4,12:05:00,0.06,0.1,-,
46,B6.A-17 BC1,4931,6573SV,2012-09-19,2012-09-21,2012-10-03,13,-,-,-,-,5,12:08:00,0.091,0.095,-,
47,B6.A-17 BC1,4931,6573SV,2012-09-19,2012-09-21,2012-10-03,13,-,-,-,-,6,12:13:00,0.079,0.074,-,
48,B6.A-17 BC1,4931,6573SV,2012-09-19,2012-09-21,2012-10-03,13,-,-,-,-,7,12:17:00,0.074,0.077,-,
49,B6.A-15 BC1,3509,6564,2012-09-19,2012-09-21,2012-10-03,13,-,-,-,-,1,12:28:00,0.034,0.072,-,1 dead
50,B6.A-15 BC1,3509,6564,2012-09-19,2012-09-21,2012-10-03,13,-,-,-,-,2,12:33:00,0.079,0.083,-,
51,B6.A-15 BC1,3509,6564,2012-09-19,2012-09-21,2012-10-03,13,-,-,-,-,3,12:37:00,0.062,0.075,-,
52,B6.A-15 BC1,3509,6564,2012-09-19,2012-09-21,2012-10-03,13,-,-,-,-,4,12:42:00,0.06,0.08,-,
53,B6.A-15 BC1,3509,6564,2012-09-19,2012-09-21,2012-10-03,13,-,-,-,-,5,12:46:00,0.078,0.088,-,
54,B6.A-15 BC1,3509,6564,2012-09-19,2012-09-21,2012-10-03,13,-,-,-,-,6,12:51:00,0.061,0.073,-,
55,B6.A-15 BC1,3509,6564,2012-09-19,2012-09-21,2012-10-03,13,-,-,-,-,7,12:54:00,0.076,0.075,-,
56,B6.A-15 BC1,3509,6564,2012-09-19,2012-09-21,2012-10-03,13,-,-,-,-,8,12:57:00,0.052,0.073,-,
57,B6.A-19 BC1,4954,6562,2012-09-18,2012-09-21,2012-10-03,13,-,-,-,-,1,13:07:00,0.085,0.083,-,
58,B6.A-19 BC1,4954,6562,2012-09-18,2012-09-21,2012-10-03,13,-,-,-,-,2,13:12:00,0.09,0.091,-,
59,B6.A-19 BC1,4954,6562,2012-09-18,2012-09-21,2012-10-03,13,-,-,-,-,3,13:17:00,0.064,0.08,-,
60,B6.A-19 BC1,4954,6562,2012-09-18,2012-09-21,2012-10-03,13,-,-,-,-,4,13:22:00,0.079,0.072,-,
61,B6.A-19 BC1,4954,6562,2012-09-18,2012-09-21,2012-10-03,13,-,-,-,-,5,13:26:00,0.059,0.088,-,
62,B6.A-19 BC1,4954,6562,2012-09-18,2012-09-21,2012-10-03,13,-,-,-,-,6,13:30:00,0.071,0.081,-,
63,B6.A-19 BC1,4954,6562,2012-09-18,2012-09-21,2012-10-03,13,-,-,-,-,7,13:35:00,0.05,0.081,-,
64,B6.A-19 BC1,4954,6562,2012-09-18,2012-09-21,2012-10-03,13,-,-,-,-,8,13:39:00,0.048,0.086,-,
65,B6.A-19 BC1,4954,6562,2012-09-18,2012-09-21,2012-10-03,13,-,-,-,-,9,13:43:00,0.058,0.074,-,
66,B6.A-19 BC1,4954,6562,2012-09-18,2012-09-21,2012-10-03,13,-,-,-,-,10,13:48:00,0.051,0.091,-,
67,B6.A-19 BC1,4967,6719,2012-09-19,2012-09-26,2012-10-09,14,-,-,2,-,1,10:59:00,0.067,0.125,-,2 dead
68,B6.A-19 BC1,4967,6719,2012-09-19,2012-09-26,2012-10-09,14,-,-,2,-,2,11:05:00,0.09,0.142,-,
69,B6.A-19 BC1,4967,6719,2012-09-19,2012-09-26,2012-10-09,14,-,-,2,-,3,11:12:00,0.078,0.113,-,
70,B6.A-19 BC1,4967,6719,2012-09-19,2012-09-26,2012-10-09,14,-,-,2,-,4,11:17:00,0.091,0.13,-,
71,B6.A-19 BC1,4967,6719,2012-09-19,2012-09-26,2012-10-09,14,-,-,2,-,5,11:23:00,0.073,0.144,-,
72,B6.A-19 BC1,4967,6719,2012-09-19,2012-09-26,2012-10-09,14,-,-,2,-,6,11:29:00,0.079,0.124,-,
73,B6.A-19 BC1,4967,6719,2012-09-19,2012-09-26,2012-10-09,14,-,-,2,-,7,11:34:00,0.06,0.122,-,
74,B6.A-19 BC1,4967,6719,2012-09-19,2012-09-26,2012-10-09,14,-,-,2,-,8,11:39:00,0.076,0.132,-,
75,B6.A-19 BC1,4967,6719,2012-09-19,2012-09-26,2012-10-09,14,-,-,2,-,9,11:45:00,0.093,0.137,-,
76,B6.A-15 BC1,5104,6727,2012-09-25,2012-09-26,2012-10-09,14,-,-,-,-,1,13:57:00,0.095,0.208,-,
77,B6.A-15 BC1,5104,6727,2012-09-25,2012-09-26,2012-10-09,14,-,-,-,-,2,14:02:00,0.122,0.191,-,
78,B6.A-15 BC1,5104,6727,2012-09-25,2012-09-26,2012-10-09,14,-,-,-,-,3,14:07:00,0.085,0.184,-,
79,B6.A-15 BC1,5104,6727,2012-09-25,2012-09-26,2012-10-09,14,-,-,-,-,4,14:12:00,0.086,0.174,-,
80,B6.A-15 BC1,5104,6727,2012-09-25,2012-09-26,2012-10-09,14,-,-,-,-,5,14:17:00,0.091,0.197,-,
81,B6.A-15 BC1,5104,6727,2012-09-25,2012-09-26,2012-10-09,14,-,-,-,-,6,14:22:00,0.076,0.181,-,
82,B6.A-15 BC1,5104,6727,2012-09-25,2012-09-26,2012-10-09,14,-,-,-,-,7,14:29:00,0.094,0.21,-,
83,B6.A-15 BC1,5104,6727,2012-09-25,2012-09-26,2012-10-09,14,-,-,-,-,8,14:32:00,0.076,0.194,-,
84,B6.A-15 BC1,5104,6727,2012-09-25,2012-09-26,2012-10-09,14,-,-,-,-,9,14:37:00,0.063,0.179,-,
85,B6.A-17 BC1,5222,6730,2012-09-25,2012-09-27,2012-10-10,14,-,-,-,-,1,10:04:00,0.059,0.071,-,2 live; 1 dead
86,B6.A-17 BC1,5222,6730,2012-09-25,2012-09-27,2012-10-10,14,-,-,-,-,2,10:10:00,0.067,0.08,-,
87,B6.A-17 BC1,5222,6730,2012-09-25,2012-09-27,2012-10-10,14,-,-,-,-,3,10:12:00,0.067,0.065,-,MZ
88,B6.A-17 BC1,5222,6730,2012-09-25,2012-09-27,2012-10-10,14,-,-,-,-,4,10:17:00,0.077,0.065,-,MZ
89,B6.A-17 BC1,5222,6730,2012-09-25,2012-09-27,2012-10-10,14,-,-,-,-,5,10:22:00,0.042,0.08,-,
90,B6.A-17 BC1,5222,6730,2012-09-25,2012-09-27,2012-10-10,14,-,-,-,-,6,10:27:00,0.054,0.08,-,
91,B6.A-19 BC1,5023,6731,2012-09-25,2012-09-27,2012-10-10,14,-,-,-,-,1,10:40:00,0.119,0.114,-,
92,B6.A-19 BC1,5023,6731,2012-09-25,2012-09-27,2012-10-10,14,-,-,-,-,2,10:45:00,0.081,0.129,-,
93,B6.A-19 BC1,5023,6731,2012-09-25,2012-09-27,2012-10-10,14,-,-,-,-,3,10:50:00,0.089,0.153,-,
94,B6.A-19 BC1,5023,6731,2012-09-25,2012-09-27,2012-10-10,14,-,-,-,-,4,10:55:00,0.089,0.134,-,
95,B6.A-19 BC1,5023,6731,2012-09-25,2012-09-27,2012-10-10,14,-,-,-,-,5,11:01:00,0.066,0.138,-,
96,B6.A-19 BC1,5023,6731,2012-09-25,2012-09-27,2012-10-10,14,-,-,-,-,6,11:05:00,0.106,0.148,-,
97,B6.A-19 BC1,5023,6731,2012-09-25,2012-09-27,2012-10-10,14,-,-,-,-,7,11:09:00,0.112,0.143,-,
101,B6.C,5285,6859,2012-10-29,2012-10-30,2012-11-12,14,6,2,1,-,1,08:37:00,0.096,0.149,M,
102,B6.C,5285,6859,2012-10-29,2012-10-30,2012-11-12,14,6,2,1,-,2,08:45:37,0.112,0.13,M,
103,B6.C,5285,6859,2012-10-29,2012-10-30,2012-11-12,14,6,2,1,-,3,08:52:48,0.098,0.135,M,
104,B6.C,5285,6859,2012-10-29,2012-10-30,2012-11-12,14,6,2,1,-,4,09:00:00,0.103,0.126,F,
105,B6.C,5285,6859,2012-10-29,2012-10-30,2012-11-12,14,6,2,1,-,5,09:06:00,0.085,0.133,M,
106,B6.C,5285,6859,2012-10-29,2012-10-30,2012-11-12,14,6,2,1,-,6,09:11:00,0.124,0.142,F,
107,B6.C,5285,6859,2012-10-29,2012-10-30,2012-11-12,14,6,2,1,-,7,09:17:00,0.069,0.113,M,
108,B6.C,5285,6859,2012-10-29,2012-10-30,2012-11-12,14,6,2,1,-,8,09:24:00,0.093,0.129,M,
109,B6.A-15 BC1,3509,6867,2012-10-29,2012-10-30,2012-11-12,14,5,3,0,-,1,09:39:00,0.081,0.134,F,
110,B6.A-15 BC1,3509,6867,2012-10-29,2012-10-30,2012-11-12,14,5,3,0,-,2,09:46:00,0.074,0.126,F,
111,B6.A-15 BC1,3509,6867,2012-10-29,2012-10-30,2012-11-12,14,5,3,0,-,3,09:53:00,0.12,0.112,M,
112,B6.A-15 BC1,3509,6867,2012-10-29,2012-10-30,2012-11-12,14,5,3,0,-,4,10:01:00,0.073,0.126,F,
113,B6.A-15 BC1,3509,6867,2012-10-29,2012-10-30,2012-11-12,14,5,3,0,-,5,10:06:00,0.06,0.096,F,
114,B6.A-15 BC1,3509,6867,2012-10-29,2012-10-30,2012-11-12,14,5,3,0,-,6,10:12:00,0.086,0.128,F,
115,B6.A-15 BC1,3509,6867,2012-10-29,2012-10-30,2012-11-12,14,5,3,0,-,7,10:18:00,0.096,0.134,F,
116,B6.A-15 BC1,3509,6867,2012-10-29,2012-10-30,2012-11-12,14,5,3,0,-,8,10:25:00,0.097,0.141,M,
117,B6.A-15 BC1,3511,6852,2012-10-29,2012-10-30,2012-11-12,14,5,4,0,-,1,10:39:00,0.106,0.132,F,
118,B6.A-15 BC1,3511,6852,2012-10-29,2012-10-30,2012-11-12,14,5,4,0,-,2,10:46:00,0.068,0.13,M,
119,B6.A-15 BC1,3511,6852,2012-10-29,2012-10-30,2012-11-12,14,5,4,0,-,3,10:52:00,0.101,0.139,M,
120,B6.A-15 BC1,3511,6852,2012-10-29,2012-10-30,2012-11-12,14,5,4,0,-,4,10:57:00,0.082,0.132,M,
121,B6.A-15 BC1,3511,6852,2012-10-29,2012-10-30,2012-11-12,14,5,4,0,-,5,11:05:00,0.089,0.136,F,
122,B6.A-15 BC1,3511,6852,2012-10-29,2012-10-30,2012-11-12,14,5,4,0,-,6,11:12:00,0.079,0.121,F,
123,B6.A-15 BC1,3511,6852,2012-10-29,2012-10-30,2012-11-12,14,5,4,0,-,7,11:18:00,0.088,0.143,F,
124,B6.A-15 BC1,3511,6852,2012-10-29,2012-10-30,2012-11-12,14,5,4,0,-,8,11:25:00,0.093,0.131,F,
125,B6.A-17 BC1,5008,6861,2012-10-29,2012-10-30,2012-11-12,14,4,5,0,-,1,11:31:00,0.084,0.136,M,
126,B6.A-17 BC1,5008,6861,2012-10-29,2012-10-30,2012-11-12,14,4,5,0,-,2,11:44:00,0.106,0.132,F,
127,B6.A-17 BC1,5008,6861,2012-10-29,2012-10-30,2012-11-12,14,4,5,0,-,3,11:52:00,0.1,0.13,M,
128,B6.A-17 BC1,5008,6861,2012-10-29,2012-10-30,2012-11-12,14,4,5,0,-,4,11:59:00,0.088,0.139,M,
129,B6.A-17 BC1,5008,6861,2012-10-29,2012-10-30,2012-11-12,14,4,5,0,-,5,12:04:00,0.087,0.147,M,
130,B6.A-17 BC1,5008,6861,2012-10-29,2012-10-30,2012-11-12,14,4,5,0,-,6,12:09:00,0.086,0.127,F,
131,B6.A-17 BC1,5008,6861,2012-10-29,2012-10-30,2012-11-12,14,4,5,0,-,7,12:16:00,0.086,0.129,F,
132,B6.A-17 BC1,5008,6861,2012-10-29,2012-10-30,2012-11-12,14,4,5,0,-,8,12:22:00,0.08,0.143,M,
133,B6.A-17 BC1,5008,6861,2012-10-29,2012-10-30,2012-11-12,14,4,5,0,-,9,12:27:00,0.065,0.11,M,
134,B6.A-17 BC1,5008,6861,2012-10-29,2012-10-30,2012-11-12,14,4,5,0,-,10,12:34:00,0.088,0.143,M,
135,B6.A-17 BC1,4930,6853,2012-10-29,2012-10-30,2012-11-12,14,6,2,0,-,1,12:49:00,0.103,0.148,M,no tag 12/11
136,B6.A-17 BC1,4930,6853,2012-10-29,2012-10-30,2012-11-12,14,6,2,0,-,2,12:55:00,0.094,0.135,F,
137,B6.A-17 BC1,4930,6853,2012-10-29,2012-10-30,2012-11-12,14,6,2,0,-,3,13:02:00,0.093,0.154,M,
138,B6.A-17 BC1,4930,6853,2012-10-29,2012-10-30,2012-11-12,14,6,2,0,-,4,13:08:00,0.083,0.157,F,PL in D- tube
139,B6.A-17 BC1,4930,6853,2012-10-29,2012-10-30,2012-11-12,14,6,2,0,-,5,13:15:00,0.076,0.15,F,
140,B6.A-17 BC1,4930,6853,2012-10-29,2012-10-30,2012-11-12,14,6,2,0,-,6,13:20:00,0.092,0.153,M,
141,B6.A-17 BC1,4930,6853,2012-10-29,2012-10-30,2012-11-12,14,6,2,0,-,7,13:26:00,0.073,0.123,F,no picture
142,B6.A-17 BC1,4930,6853,2012-10-29,2012-10-30,2012-11-12,14,6,2,0,-,8,13:31:00,0.101,0.152,M,no embryo sac
143,B6.A-19 BC1,4965,6854,2012-10-29,2012-10-30,2012-11-12,14,3,7,0,-,1,14:36:00,0.083,0.149,M,
144,B6.A-19 BC1,4965,6854,2012-10-29,2012-10-30,2012-11-12,14,3,7,0,-,2,14:43:00,0.09,0.147,M,
145,B6.A-19 BC1,4965,6854,2012-10-29,2012-10-30,2012-11-12,14,3,7,0,-,3,14:48:00,0.094,0.11,M,
146,B6.A-19 BC1,4965,6854,2012-10-29,2012-10-30,2012-11-12,14,3,7,0,-,4,14:55:00,0.11,0.15,M,
147,B6.A-19 BC1,4965,6854,2012-10-29,2012-10-30,2012-11-12,14,3,7,0,-,5,15:00:00,0.06,0.142,F,
148,B6.A-19 BC1,4965,6854,2012-10-29,2012-10-30,2012-11-12,14,3,7,0,-,6,15:07:00,0.116,0.146,M,
149,B6.A-19 BC1,4965,6854,2012-10-29,2012-10-30,2012-11-12,14,3,7,0,-,7,15:14:00,0.095,0.148,M,
150,B6.A-19 BC1,4965,6854,2012-10-29,2012-10-30,2012-11-12,14,3,7,0,-,8,15:19:00,0.094,0.156,M,
151,B6.A-19 BC1,4965,6854,2012-10-29,2012-10-30,2012-11-12,14,3,7,0,-,9,15:24:00,0.109,0.163,F,
152,B6.A-19 BC1,4965,6854,2012-10-29,2012-10-30,2012-11-12,14,3,7,0,-,10,15:28:00,0.093,0.147,F,
153,B6.A-17 BC1,4931,6871,2012-10-29,2012-10-30,2012-11-12,14,4,5,1,-,1,15:47:00,0.093,0.152,F,
154,B6.A-17 BC1,4931,6871,2012-10-29,2012-10-30,2012-11-12,14,4,5,1,-,2,15:52:00,0.091,0.138,F,
155,B6.A-17 BC1,4931,6871,2012-10-29,2012-10-30,2012-11-12,14,4,5,1,-,3,15:57:00,0.052,0.12,M,
156,B6.A-17 BC1,4931,6871,2012-10-29,2012-10-30,2012-11-12,14,4,5,1,-,4,16:02:00,0.11,0.134,M,
157,B6.A-17 BC1,4931,6871,2012-10-29,2012-10-30,2012-11-12,14,4,5,1,-,5,16:07:00,0.096,-,M,
158,B6.A-17 BC1,4931,6871,2012-10-29,2012-10-30,2012-11-12,14,4,5,1,-,6,16:12:00,0.066,0.137,F,
159,B6.A-17 BC1,4931,6871,2012-10-29,2012-10-30,2012-11-12,14,4,5,1,-,7,16:16:00,0.076,0.123,M,
160,B6.A-17 BC1,4931,6871,2012-10-29,2012-10-30,2012-11-12,14,4,5,1,-,8,16:21:00,0.084,0.134,M,
161,B6.A-17 BC1,4931,6871,2012-10-29,2012-10-30,2012-11-12,14,4,5,1,-,9,16:27:00,0.07,0.123,F,
162,B6.C,4954,6874,2012-10-29,2012-10-30,2012-11-12,14,2,2,4,-,1,16:40:00,0.072,0.143,F,sac was yellow/green
163,B6.C,4954,6874,2012-10-29,2012-10-30,2012-11-12,14,2,2,4,-,2,16:47:00,0.079,0.2,M,
164,B6.C,4954,6874,2012-10-29,2012-10-30,2012-11-12,14,2,2,4,-,3,16:53:00,0.118,0.18,M,
165,B6.C,4954,6874,2012-10-29,2012-10-30,2012-11-12,14,2,2,4,-,4,16:58:00,0.111,0.18,F,
166,B6.A-X F1,6792,6897,2012-10-29,2012-10-30,2012-11-12,14,6,4,1,-,1,17:19:00,0.079,0.144,F,
167,B6.A-X F1,6792,6897,2012-10-29,2012-10-30,2012-11-12,14,6,4,1,-,2,17:25:00,0.092,0.165,M,
168,B6.A-X F1,6792,6897,2012-10-29,2012-10-30,2012-11-12,14,6,4,1,-,3,17:31:00,0.084,0.164,M,
169,B6.A-X F1,6792,6897,2012-10-29,2012-10-30,2012-11-12,14,6,4,1,-,4,17:36:00,0.106,0.155,M,
170,B6.A-X F1,6792,6897,2012-10-29,2012-10-30,2012-11-12,14,6,4,1,-,5,17:42:00,0.085,0.166,M,
171,B6.A-X F1,6792,6897,2012-10-29,2012-10-30,2012-11-12,14,6,4,1,-,6,17:47:00,0.099,0.172,M,
172,B6.A-X F1,6792,6897,2012-10-29,2012-10-30,2012-11-12,14,6,4,1,-,7,17:52:00,0.108,0.17,M,
173,B6.A-X F1,6792,6897,2012-10-29,2012-10-30,2012-11-12,14,6,4,1,-,8,17:57:00,0.089,0.171,F,
174,B6.A-X F1,6792,6897,2012-10-29,2012-10-30,2012-11-12,14,6,4,1,-,9,18:03:00,0.083,0.152,M,
175,B6.A-17 BC1,3368,6887,2012-10-29,2012-10-30,2012-11-12,14,4,4,0,-,1,18:07:00,0.107,0.125,F,
176,B6.A-17 BC1,3368,6887,2012-10-29,2012-10-30,2012-11-12,14,4,4,0,-,2,18:20:00,0.085,0.163,M,
177,B6.A-17 BC1,3368,6887,2012-10-29,2012-10-30,2012-11-12,14,4,4,0,-,3,18:25:00,0.076,0.139,F,
178,B6.A-17 BC1,3368,6887,2012-10-29,2012-10-30,2012-11-12,14,4,4,0,-,4,18:29:00,0.072,0.103,F,
179,B6.A-17 BC1,3368,6887,2012-10-29,2012-10-30,2012-11-12,14,4,4,0,-,5,18:33:00,0.088,0.145,M,
180,B6.A-17 BC1,3368,6887,2012-10-29,2012-10-30,2012-11-12,14,4,4,0,-,6,18:40:00,-,0.159,F,
181,B6.A-17 BC1,3368,6887,2012-10-29,2012-10-30,2012-11-12,14,4,4,0,-,7,18:43:00,0.112,0.169,F,
182,B6.A-17 BC1,3368,6887,2012-10-29,2012-10-30,2012-11-12,14,4,4,0,-,8,18:47:00,0.1,0.168,M,
183,B6.A-17 BC1,3368,6887,2012-10-29,2012-10-30,2012-11-12,14,4,4,0,-,9,18:51:00,0.106,0.165,M,
184,B6.A-19 BC1,5214,6893,2012-10-29,2012-10-30,2012-11-12,14,4,6,0,-,1,19:01:00,0.093,0.134,F,no tag (B)
185,B6.A-19 BC1,5214,6893,2012-10-29,2012-10-30,2012-11-12,14,4,6,0,-,2,19:05:00,0.093,0.151,F,
186,B6.A-19 BC1,5214,6893,2012-10-29,2012-10-30,2012-11-12,14,4,6,0,-,3,19:10:00,0.075,0.102,F,
187,B6.A-19 BC1,5214,6893,2012-10-29,2012-10-30,2012-11-12,14,4,6,0,-,4,19:14:00,0.095,0.165,M,
188,B6.A-19 BC1,5214,6893,2012-10-29,2012-10-30,2012-11-12,14,4,6,0,-,5,19:18:00,0.093,0.152,M,
189,B6.A-19 BC1,5214,6893,2012-10-29,2012-10-30,2012-11-12,14,4,6,0,-,6,19:23:00,0.09,0.136,F,
190,B6.A-19 BC1,5214,6893,2012-10-29,2012-10-30,2012-11-12,14,4,6,0,-,7,19:28:00,0.091,0.158,F,
191,B6.A-19 BC1,5214,6893,2012-10-29,2012-10-30,2012-11-12,14,4,6,0,-,8,19:32:00,0.11,0.173,M,
192,B6.A-19 BC1,5214,6893,2012-10-29,2012-10-30,2012-11-12,14,4,6,0,-,9,19:36:00,0.102,0.173,F,
193,B6.A-19 BC1,5214,6893,2012-10-29,2012-10-30,2012-11-12,14,4,6,0,-,10,19:41:00,0.092,0.142,M,
194,B6.A-17 BC1,483,6900,2012-10-29,2012-10-30,2012-11-12,14,4,6,0,-,1,19:51:00,0.103,0.154,M,
195,B6.A-17 BC1,483,6900,2012-10-29,2012-10-30,2012-11-12,14,4,6,0,-,2,19:55:00,0.079,0.15,M,
196,B6.A-17 BC1,483,6900,2012-10-29,2012-10-30,2012-11-12,14,4,6,0,-,3,20:00:00,0.091,0.139,M,
197,B6.A-17 BC1,483,6900,2012-10-29,2012-10-30,2012-11-12,14,4,6,0,-,4,20:05:00,0.099,0.134,F,
198,B6.A-17 BC1,483,6900,2012-10-29,2012-10-30,2012-11-12,14,4,6,0,-,5,20:10:00,0.095,0.125,F,
199,B6.A-17 BC1,483,6900,2012-10-29,2012-10-30,2012-11-12,14,4,6,0,-,6,20:14:00,0.106,0.14,M,
200,B6.A-17 BC1,483,6900,2012-10-29,2012-10-30,2012-11-12,14,4,6,0,-,7,20:19:00,0.09,0.138,F,
201,B6.A-17 BC1,483,6900,2012-10-29,2012-10-30,2012-11-12,14,4,6,0,-,8,20:24:00,0.064,0.146,F,
202,B6.A-17 BC1,483,6900,2012-10-29,2012-10-30,2012-11-12,14,4,6,0,-,9,20:29:00,0.081,0.141,F,
203,B6.A-17 BC1,483,6900,2012-10-29,2012-10-30,2012-11-12,14,4,6,0,-,10,20:33:00,0.09,0.136,F,
204,B6.A-17 BC1,5224,6892,2012-10-29,2012-10-30,2012-11-12,14,3,1,3,-,1,20:45:00,0.106,0.137,F,dam w cystic kidney. 1 ovary saved
205,B6.A-17 BC1,5224,6892,2012-10-29,2012-10-30,2012-11-12,14,3,1,3,-,2,20:49:00,0.087,0.158,F,
206,B6.A-17 BC1,5224,6892,2012-10-29,2012-10-30,2012-11-12,14,3,1,3,-,3,20:54:00,0.09,0.082,M,
207,B6.A-17 BC1,5224,6892,2012-10-29,2012-10-30,2012-11-12,14,3,1,3,-,4,21:00:00,0.096,0.165,M,
208,B6.A-17 BC1,485,6856,2012-10-29,2012-10-31,2012-11-13,14,2,6,0,-,1,08:41:00,0.062,0.166,F,
209,B6.A-17 BC1,485,6856,2012-10-29,2012-10-31,2012-11-13,14,2,6,0,-,2,08:47:00,0.091,0.128,M,
210,B6.A-17 BC1,485,6856,2012-10-29,2012-10-31,2012-11-13,14,2,6,0,-,3,08:53:00,0.082,0.084,F,
211,B6.A-17 BC1,485,6856,2012-10-29,2012-10-31,2012-11-13,14,2,6,0,-,4,08:59:00,0.067,0.116,F,
212,B6.A-17 BC1,485,6856,2012-10-29,2012-10-31,2012-11-13,14,2,6,0,-,5,09:05:00,0.076,0.118,M,
213,B6.A-17 BC1,485,6856,2012-10-29,2012-10-31,2012-11-13,14,2,6,0,-,6,09:14:00,0.077,0.123,M,
214,B6.A-17 BC1,485,6856,2012-10-29,2012-10-31,2012-11-13,14,2,6,0,-,7,09:09:00,0.067,0.127,M,
215,B6.A-17 BC1,485,6856,2012-10-29,2012-10-31,2012-11-13,14,2,6,0,-,8,09:25:00,0.09,0.135,M,
216,B6.A-17 BC1,5010,6876,2012-10-29,2012-10-31,2012-11-13,14,6,2,0,-,1,09:39:00,0.098,0.126,M,
217,B6.A-17 BC1,5010,6876,2012-10-29,2012-10-31,2012-11-13,14,6,2,0,-,2,09:45:00,0.098,0.137,F,
218,B6.A-17 BC1,5010,6876,2012-10-29,2012-10-31,2012-11-13,14,6,2,0,-,3,09:51:00,0.088,0.131,M,
219,B6.A-17 BC1,5010,6876,2012-10-29,2012-10-31,2012-11-13,14,6,2,0,-,4,09:57:00,0.091,0.115,F,
220,B6.A-17 BC1,5010,6876,2012-10-29,2012-10-31,2012-11-13,14,6,2,0,-,5,10:05:00,0.083,0.114,M,
221,B6.A-17 BC1,5010,6876,2012-10-29,2012-10-31,2012-11-13,14,6,2,0,-,6,10:11:00,0.074,0.109,F,
222,B6.A-17 BC1,5010,6876,2012-10-29,2012-10-31,2012-11-13,14,6,2,0,-,7,10:19:00,0.077,0.121,M,
223,B6.A-17 BC1,5010,6876,2012-10-29,2012-10-31,2012-11-13,14,6,2,0,-,8,10:25:00,0.068,0.121,F,
224,B6.A-15 BC1,3513,6894,2012-10-29,2012-10-31,2012-11-13,14,3,5,1,-,1,10:45:00,0.068,0.124,M,
225,B6.A-15 BC1,3513,6894,2012-10-29,2012-10-31,2012-11-13,14,3,5,1,-,2,10:50:00,0.085,0.133,M,
226,B6.A-15 BC1,3513,6894,2012-10-29,2012-10-31,2012-11-13,14,3,5,1,-,3,10:58:00,0.066,0.109,M,
227,B6.A-15 BC1,3513,6894,2012-10-29,2012-10-31,2012-11-13,14,3,5,1,-,4,11:03:00,0.095,0.138,F,
228,B6.A-15 BC1,3513,6894,2012-10-29,2012-10-31,2012-11-13,14,3,5,1,-,5,11:08:00,0.084,0.134,M,
229,B6.A-15 BC1,3513,6894,2012-10-29,2012-10-31,2012-11-13,14,3,5,1,-,6,11:15:00,0.076,0.137,M,
230,B6.A-15 BC1,3513,6894,2012-10-29,2012-10-31,2012-11-13,14,3,5,1,-,7,11:21:00,0.056,0.132,F,
231,B6.A-15 BC1,3513,6894,2012-10-29,2012-10-31,2012-11-13,14,3,5,1,-,8,11:26:00,0.08,0.13,F,
232,B6.A-19 BC1,5267,6905,2012-10-31,2012-11-01,2012-11-14,14,3,4,2,-,1,09:23:00,0.091,0.138,F,tag 6805
233,B6.A-19 BC1,5267,6905,2012-10-31,2012-11-01,2012-11-14,14,3,4,2,-,2,09:37:00,0.12,0.147,M,
234,B6.A-19 BC1,5267,6905,2012-10-31,2012-11-01,2012-11-14,14,3,4,2,-,3,09:42:00,0.104,0.139,F,
235,B6.A-19 BC1,5267,6905,2012-10-31,2012-11-01,2012-11-14,14,3,4,2,-,4,09:47:00,0.103,0.149,M,
236,B6.A-19 BC1,5267,6905,2012-10-31,2012-11-01,2012-11-14,14,3,4,2,-,5,09:52:00,0.093,0.138,F,
237,B6.A-19 BC1,5267,6905,2012-10-31,2012-11-01,2012-11-14,14,3,4,2,-,6,09:56:00,0.049,0.111,F,
238,B6.A-19 BC1,5267,6905,2012-10-31,2012-11-01,2012-11-14,14,3,4,2,-,7,10:01:00,0.084,0.149,F,
239,B6.A-17 BC1,-,C,-,2012-11-01,2012-11-14,14,5,4,1,-,1,10:11:00,0.09,0.113,F,no tag (C)
240,B6.A-17 BC1,-,C,-,2012-11-01,2012-11-14,14,5,4,1,-,2,10:17:00,0.092,0.117,M,
241,B6.A-17 BC1,-,C,-,2012-11-01,2012-11-14,14,5,4,1,-,3,10:22:00,0.089,0.125,M,
242,B6.A-17 BC1,-,C,-,2012-11-01,2012-11-14,14,5,4,1,-,4,10:28:00,0.089,0.11,M,
243,B6.A-17 BC1,-,C,-,2012-11-01,2012-11-14,14,5,4,1,-,5,10:36:00,0.054,0.1,F,
244,B6.A-17 BC1,-,C,-,2012-11-01,2012-11-14,14,5,4,1,-,6,10:41:00,0.087,0.113,M,
245,B6.A-17 BC1,-,C,-,2012-11-01,2012-11-14,14,5,4,1,-,7,10:46:00,0.077,0.115,F,
246,B6.A-17 BC1,-,C,-,2012-11-01,2012-11-14,14,5,4,1,-,8,10:52:00,0.098,0.126,M,
247,B6.A-17 BC1,-,C,-,2012-11-01,2012-11-14,14,5,4,1,-,9,11:56:00,0.111,0.119,M,
248,B6.A-19 BC1,5266,6908,2012-10-31,2012-11-01,2012-11-14,14,4,4,1,-,1,11:08:00,0.093,0.148,M,
249,B6.A-19 BC1,5266,6908,2012-10-31,2012-11-01,2012-11-14,14,4,4,1,-,2,11:14:00,0.099,0.146,M,
250,B6.A-19 BC1,5266,6908,2012-10-31,2012-11-01,2012-11-14,14,4,4,1,-,3,11:19:00,0.091,0.149,M,
251,B6.A-19 BC1,5266,6908,2012-10-31,2012-11-01,2012-11-14,14,4,4,1,-,4,11:24:00,0.104,0.142,F,
252,B6.A-19 BC1,5266,6908,2012-10-31,2012-11-01,2012-11-14,14,4,4,1,-,5,11:31:00,0.058,0.118,M,
253,B6.A-19 BC1,5266,6908,2012-10-31,2012-11-01,2012-11-14,14,4,4,1,-,6,11:36:00,0.077,0.137,M,
254,B6.A-19 BC1,5266,6908,2012-10-31,2012-11-01,2012-11-14,14,4,4,1,-,7,11:43:00,0.073,0.136,F,
255,B6.A-19 BC1,5266,6908,2012-10-31,2012-11-01,2012-11-14,14,4,4,1,-,8,11:48:00,0.054,0.132,M,
256,B6.A-15 BC1,5081,6860,2012-10-29,2012-11-01,2012-11-14,14,5,3,0,-,1,13:22:00,0.064,0.148,M,
257,B6.A-15 BC1,5081,6860,2012-10-29,2012-11-01,2012-11-14,14,5,3,0,-,2,13:27:00,0.051,0.153,F,
258,B6.A-15 BC1,5081,6860,2012-10-29,2012-11-01,2012-11-14,14,5,3,0,-,3,13:32:00,0.09,0.151,F,
259,B6.A-15 BC1,5081,6860,2012-10-29,2012-11-01,2012-11-14,14,5,3,0,-,4,13:38:00,0.059,0.131,F,
260,B6.A-15 BC1,5081,6860,2012-10-29,2012-11-01,2012-11-14,14,5,3,0,-,5,13:44:00,0.075,0.149,F,
261,B6.A-15 BC1,5081,6860,2012-10-29,2012-11-01,2012-11-14,14,5,3,0,-,6,13:49:00,0.065,0.152,F,
262,B6.A-15 BC1,5081,6860,2012-10-29,2012-11-01,2012-11-14,14,5,3,0,-,7,13:55:00,0.081,0.151,M,
263,B6.A-15 BC1,5081,6860,2012-10-29,2012-11-01,2012-11-14,14,5,3,0,-,8,14:01:00,0.076,0.167,F,
264,B6.A-17 BC1,-,D,-,2012-11-01,2012-11-14,14,3,5,1,-,1,14:01:00,0.076,0.131,M,no tag (D)
265,B6.A-17 BC1,-,D,-,2012-11-01,2012-11-14,14,3,5,1,-,2,14:15:00,0.062,0.123,F,
266,B6.A-17 BC1,-,D,-,2012-11-01,2012-11-14,14,3,5,1,-,3,14:19:00,0.072,0.131,F,
267,B6.A-17 BC1,-,D,-,2012-11-01,2012-11-14,14,3,5,1,-,4,14:24:00,0.099,0.148,M,
268,B6.A-17 BC1,-,D,-,2012-11-01,2012-11-14,14,3,5,1,-,5,14:30:00,0.097,0.157,M,
269,B6.A-17 BC1,-,D,-,2012-11-01,2012-11-14,14,3,5,1,-,6,14:34:00,0.084,0.138,F,
270,B6.A-17 BC1,-,D,-,2012-11-01,2012-11-14,14,3,5,1,-,7,14:39:00,0.059,0.123,F,
271,B6.A-17 BC1,-,D,-,2012-11-01,2012-11-14,14,3,5,1,-,8,14:44:00,0.065,0.124,M,
272,B6.A-19 BC1,-,-,-,2012-11-01,2012-11-14,14,4,4,0,-,1,14:56:00,0.073,0.149,M,did not write number
273,B6.A-19 BC1,-,-,-,2012-11-01,2012-11-14,14,4,4,0,-,2,15:01:00,0.081,0.148,M,
274,B6.A-19 BC1,-,-,-,2012-11-01,2012-11-14,14,4,4,0,-,3,15:06:00,0.076,0.163,M,
275,B6.A-19 BC1,-,-,-,2012-11-01,2012-11-14,14,4,4,0,-,4,15:12:00,0.053,0.165,F,
276,B6.A-19 BC1,-,-,-,2012-11-01,2012-11-14,14,4,4,0,-,5,15:07:00,0.077,0.153,M,
277,B6.A-19 BC1,-,-,-,2012-11-01,2012-11-14,14,4,4,0,-,6,15:21:00,0.059,0.125,M,
278,B6.A-19 BC1,-,-,-,2012-11-01,2012-11-14,14,4,4,0,-,7,15:25:00,0.085,0.145,F,
279,B6.A-19 BC1,-,-,-,2012-11-01,2012-11-14,14,4,4,0,-,8,15:33:00,0.094,0.144,M,
280,B6.A-19 BC1,5215,6896,2012-10-29,2012-11-01,2012-11-14,14,5,4,0,-,1,15:43:00,0.076,0.135,M,
281,B6.A-19 BC1,5215,6896,2012-10-29,2012-11-01,2012-11-14,14,5,4,0,-,2,14:47:00,0.057,0.112,F,
282,B6.A-19 BC1,5215,6896,2012-10-29,2012-11-01,2012-11-14,14,5,4,0,-,3,15:51:00,0.061,0.138,M,
283,B6.A-19 BC1,5215,6896,2012-10-29,2012-11-01,2012-11-14,14,5,4,0,-,4,15:56:00,0.082,0.147,M,
284,B6.A-19 BC1,5215,6896,2012-10-29,2012-11-01,2012-11-14,14,5,4,0,-,5,16:01:00,0.078,0.133,M,
285,B6.A-19 BC1,5215,6896,2012-10-29,2012-11-01,2012-11-14,14,5,4,0,-,6,16:05:00,0.054,0.155,M,
286,B6.A-19 BC1,5215,6896,2012-10-29,2012-11-01,2012-11-14,14,5,4,0,-,7,16:09:00,0.084,0.153,M,
287,B6.A-19 BC1,5215,6896,2012-10-29,2012-11-01,2012-11-14,14,5,4,0,-,8,16:14:00,0.079,0.138,F,
288,B6.A-19 BC1,5215,6896,2012-10-29,2012-11-01,2012-11-14,14,5,4,0,-,9,16:18:00,0.072,0.137,F,
289,B6.A-15 BC1,3595,6870,2012-10-29,2012-11-01,2012-11-14,14,6,1,0,-,1,16:32:00,0.102,0.164,M,
290,B6.A-15 BC1,3595,6870,2012-10-29,2012-11-01,2012-11-14,14,6,1,0,-,2,16:37:00,0.087,0.146,F,
291,B6.A-15 BC1,3595,6870,2012-10-29,2012-11-01,2012-11-14,14,6,1,0,-,3,16:41:00,0.07,0.157,F,
292,B6.A-15 BC1,3595,6870,2012-10-29,2012-11-01,2012-11-14,14,6,1,0,-,4,16:45:00,0.096,0.155,M,
293,B6.A-15 BC1,3595,6870,2012-10-29,2012-11-01,2012-11-14,14,6,1,0,-,5,16:48:00,0.085,0.158,M,
294,B6.A-15 BC1,3595,6870,2012-10-29,2012-11-01,2012-11-14,14,6,1,0,-,6,16:53:00,0.087,0.159,F,
295,B6.A-15 BC1,3595,6870,2012-10-29,2012-11-01,2012-11-14,14,6,1,0,-,7,16:57:00,0.088,0.169,M,
296,B6.A-17 BC1,5221,6864,2012-10-29,2012-11-01,2012-11-14,14,5,2,0,-,1,17:08:00,0.099,0.145,M,
297,B6.A-17 BC1,5221,6864,2012-10-29,2012-11-01,2012-11-14,14,5,2,0,-,2,17:12:00,0.085,0.153,F,
298,B6.A-17 BC1,5221,6864,2012-10-29,2012-11-01,2012-11-14,14,5,2,0,-,3,17:16:00,0.106,0.15,F,
299,B6.A-17 BC1,5221,6864,2012-10-29,2012-11-01,2012-11-14,14,5,2,0,-,4,17:20:00,0.077,0.143,F,
300,B6.A-17 BC1,5221,6864,2012-10-29,2012-11-01,2012-11-14,14,5,2,0,-,5,17:25:00,0.068,0.155,F,
301,B6.A-17 BC1,5221,6864,2012-10-29,2012-11-01,2012-11-14,14,5,2,0,-,6,17:29:00,0.108,0.145,F,
302,B6.A-17 BC1,5221,6864,2012-10-29,2012-11-01,2012-11-14,14,5,2,0,-,7,17:33:00,0.084,0.155,M,
303,B6.A-X F1,-,E,-,2012-11-01,2012-11-14,14,5,3,0,-,1,17:45:00,0.065,0.165,F,
304,B6.A-X F1,-,E,-,2012-11-01,2012-11-14,14,5,3,0,-,2,17:51:00,0.088,0.164,F,
305,B6.A-X F1,-,E,-,2012-11-01,2012-11-14,14,5,3,0,-,3,17:57:00,0.074,0.114,F,
306,B6.A-X F1,-,E,-,2012-11-01,2012-11-14,14,5,3,0,-,4,18:02:00,0.081,0.16,F,
307,B6.A-X F1,-,E,-,2012-11-01,2012-11-14,14,5,3,0,-,5,18:07:00,0.058,0.147,M,
308,B6.A-X F1,-,E,-,2012-11-01,2012-11-14,14,5,3,0,-,6,18:11:00,0.084,0.172,M,
309,B6.A-X F1,-,E,-,2012-11-01,2012-11-14,14,5,3,0,-,7,18:16:00,0.097,0.176,M,
310,B6.A-X F1,-,E,-,2012-11-01,2012-11-14,14,5,3,0,-,8,18:19:00,0.082,0.152,F,
311,B6.C,4954,6925,2012-10-31,2012-11-01,2012-11-14,14,5,1,1,-,1,18:32:00,0.086,0.152,M,
312,B6.C,4954,6925,2012-10-31,2012-11-01,2012-11-14,14,5,1,1,-,2,18:37:00,0.075,0.136,M,
313,B6.C,4954,6925,2012-10-31,2012-11-01,2012-11-14,14,5,1,1,-,3,18:41:00,0.088,0.139,F,
314,B6.C,4954,6925,2012-10-31,2012-11-01,2012-11-14,14,5,1,1,-,4,18:46:00,0.094,0.131,M,
315,B6.C,4954,6925,2012-10-31,2012-11-01,2012-11-14,14,5,1,1,-,5,18:50:00,0.077,0.141,F,
316,B6.C,4954,6925,2012-10-31,2012-11-01,2012-11-14,14,5,1,1,-,6,18:54:00,0.069,0.144,F,
317,B6.A-15 BC1,3516,6906,2012-10-31,2012-11-01,2012-11-14,14,5,4,1,-,1,19:03:00,0.098,0.126,M,tag (6806); cystic kiney; em poped out into pbs
318,B6.A-15 BC1,3516,6906,2012-10-31,2012-11-01,2012-11-14,14,5,4,1,-,2,19:08:00,0.068,0.144,F,
319,B6.A-15 BC1,3516,6906,2012-10-31,2012-11-01,2012-11-14,14,5,4,1,-,3,19:13:00,0.075,0.163,M,
320,B6.A-15 BC1,3516,6906,2012-10-31,2012-11-01,2012-11-14,14,5,4,1,-,4,19:18:00,0.078,0.158,F,
321,B6.A-15 BC1,3516,6906,2012-10-31,2012-11-01,2012-11-14,14,5,4,1,-,5,19:21:00,0.079,0.139,F,
322,B6.A-15 BC1,3516,6906,2012-10-31,2012-11-01,2012-11-14,14,5,4,1,-,6,19:25:00,0.071,0.181,M,
323,B6.A-15 BC1,3516,6906,2012-10-31,2012-11-01,2012-11-14,14,5,4,1,-,7,19:29:00,0.08,0.15,M,
324,B6.A-15 BC1,3516,6906,2012-10-31,2012-11-01,2012-11-14,14,5,4,1,-,8,19:33:00,0.045,0.11,M,
325,B6.A-15 BC1,3516,6906,2012-10-31,2012-11-01,2012-11-14,14,5,4,1,-,9,19:37:00,0.083,0.157,M,
326,B6.A-15 BC1,5106,6891,2012-10-29,2012-11-01,2012-11-14,14,7,1,1,-,1,19:49:00,0.12,0.164,M,
327,B6.A-15 BC1,5106,6891,2012-10-29,2012-11-01,2012-11-14,14,7,1,1,-,2,19:53:00,0.117,0.18,M,
328,B6.A-15 BC1,5106,6891,2012-10-29,2012-11-01,2012-11-14,14,7,1,1,-,3,19:57:00,0.098,0.157,F,
329,B6.A-15 BC1,5106,6891,2012-10-29,2012-11-01,2012-11-14,14,7,1,1,-,4,20:05:00,0.078,0.154,F,
330,B6.A-15 BC1,5106,6891,2012-10-29,2012-11-01,2012-11-14,14,7,1,1,-,5,20:09:00,0.101,0.16,M,
331,B6.A-15 BC1,5106,6891,2012-10-29,2012-11-01,2012-11-14,14,7,1,1,-,6,20:14:00,0.085,0.15,F,
332,B6.A-15 BC1,5106,6891,2012-10-29,2012-11-01,2012-11-14,14,7,1,1,-,7,20:08:00,0.082,0.16,F,
333,B6.A-15 BC1,5106,6891,2012-10-29,2012-11-01,2012-11-14,14,7,1,1,-,8,20:22:00,0.096,0.16,M,
334,B6.A-19 BC1,4932,6877,2012-10-29,2012-11-01,2012-11-14,14,5,4,0,-,1,20:31:00,0.076,0.157,F,
335,B6.A-19 BC1,4932,6877,2012-10-29,2012-11-01,2012-11-14,14,5,4,0,-,2,20:35:00,0.11,0.171,M,
336,B6.A-19 BC1,4932,6877,2012-10-29,2012-11-01,2012-11-14,14,5,4,0,-,3,20:39:00,0.108,0.17,F,
337,B6.A-19 BC1,4932,6877,2012-10-29,2012-11-01,2012-11-14,14,5,4,0,-,4,20:44:00,0.098,0.167,M,
338,B6.A-19 BC1,4932,6877,2012-10-29,2012-11-01,2012-11-14,14,5,4,0,-,5,20:48:00,0.076,0.166,F,
339,B6.A-19 BC1,4932,6877,2012-10-29,2012-11-01,2012-11-14,14,5,4,0,-,6,20:52:00,0.071,0.164,F,
340,B6.A-19 BC1,4932,6877,2012-10-29,2012-11-01,2012-11-14,14,5,4,0,-,7,20:55:00,0.105,0.174,M,
341,B6.A-19 BC1,4932,6877,2012-10-29,2012-11-01,2012-11-14,14,5,4,0,-,8,20:59:00,0.088,0.182,F,
342,B6.A-19 BC1,4932,6877,2012-10-29,2012-11-01,2012-11-14,14,5,4,0,-,9,21:03:00,0.089,0.167,F,
343,B6.A-19 BC1,4967,6869,2012-10-29,2012-11-01,2012-11-14,14,3,3,1,-,1,21:13:00,0.096,0.154,M,
344,B6.A-19 BC1,4967,6869,2012-10-29,2012-11-01,2012-11-14,14,3,3,1,-,2,21:18:00,0.059,0.155,F,
345,B6.A-19 BC1,4967,6869,2012-10-29,2012-11-01,2012-11-14,14,3,3,1,-,3,21:22:00,0.088,0.169,F,
346,B6.A-19 BC1,4967,6869,2012-10-29,2012-11-01,2012-11-14,14,3,3,1,-,4,21:26:00,0.066,0.152,F,
347,B6.A-19 BC1,4967,6869,2012-10-29,2012-11-01,2012-11-14,14,3,3,1,-,5,21:29:00,0.103,0.173,F,
348,B6.A-19 BC1,4967,6869,2012-10-29,2012-11-01,2012-11-14,14,3,3,1,-,6,21:33:00,0.09,0.174,M,
349,B6.A-15 BC1,3509,6918,2012-10-31,2012-11-02,2012-11-15,14,4,4,4,-,1,08:44:00,0.059,0.132,F,0
350,B6.A-15 BC1,3509,6918,2012-10-31,2012-11-02,2012-11-15,14,4,4,4,-,2,08:49:00,0.075,0.132,F,0
351,B6.A-15 BC1,3509,6918,2012-10-31,2012-11-02,2012-11-15,14,4,4,4,-,3,08:53:00,0.068,0.154,F,0
352,B6.A-15 BC1,3509,6918,2012-10-31,2012-11-02,2012-11-15,14,4,4,4,-,4,08:58:00,0.073,0.138,M,0
353,B6.A-15 BC1,3509,6918,2012-10-31,2012-11-02,2012-11-15,14,4,4,4,-,5,09:02:00,0.082,0.141,M,0
354,B6.A-15 BC1,3509,6918,2012-10-31,2012-11-02,2012-11-15,14,4,4,4,-,6,09:06:00,0.068,0.139,M,0
355,B6.A-15 BC1,3509,6918,2012-10-31,2012-11-02,2012-11-15,14,4,4,4,-,7,09:01:00,0.078,0.116,F,0
356,B6.A-15 BC1,3509,6918,2012-10-31,2012-11-02,2012-11-15,14,4,4,4,-,8,09:14:00,0.071,0.143,M,0
357,B6.A-15 BC1,3509,6918,2012-10-31,2012-11-02,2012-11-15,14,4,4,4,-,9,09:19:00,0.085,0.147,M,0
358,B6.A-17 BC1,5222,6919,2012-10-31,2012-11-02,2012-11-15,14,3,5,0,-,1,09:27:00,0.062,0.127,F,
359,B6.A-17 BC1,5222,6919,2012-10-31,2012-11-02,2012-11-15,14,3,5,0,-,2,09:32:00,0.07,0.124,F,
360,B6.A-17 BC1,5222,6919,2012-10-31,2012-11-02,2012-11-15,14,3,5,0,-,3,09:36:00,0.08,0.126,F,
361,B6.A-17 BC1,5222,6919,2012-10-31,2012-11-02,2012-11-15,14,3,5,0,-,4,09:40:00,0.091,0.127,M,
362,B6.A-17 BC1,5222,6919,2012-10-31,2012-11-02,2012-11-15,14,3,5,0,-,5,09:43:00,0.084,0.127,M,
363,B6.A-17 BC1,5222,6919,2012-10-31,2012-11-02,2012-11-15,14,3,5,0,-,6,09:48:00,0.08,0.121,F,
364,B6.A-17 BC1,5222,6919,2012-10-31,2012-11-02,2012-11-15,14,3,5,0,-,7,09:52:00,0.086,0.138,F,
365,B6.A-17 BC1,5222,6919,2012-10-31,2012-11-02,2012-11-15,14,3,5,0,-,8,09:56:00,0.077,0.144,F,
366,B6.A-X F1,6793,6866,2012-10-29,2012-11-02,2012-11-15,14,3,3,0,-,1,10:06:00,0.082,0.128,F,
367,B6.A-X F1,6793,6866,2012-10-29,2012-11-02,2012-11-15,14,3,3,0,-,2,10:11:00,0.072,0.132,F,
368,B6.A-X F1,6793,6866,2012-10-29,2012-11-02,2012-11-15,14,3,3,0,-,3,10:15:00,0.08,0.127,F,no sac
369,B6.A-X F1,6793,6866,2012-10-29,2012-11-02,2012-11-15,14,3,3,0,-,4,10:20:00,0.079,0.145,F,
370,B6.A-X F1,6793,6866,2012-10-29,2012-11-02,2012-11-15,14,3,3,0,-,5,10:23:00,0.062,0.135,F,
371,B6.A-X F1,6793,6866,2012-10-29,2012-11-02,2012-11-15,14,3,3,0,-,6,10:27:00,0.081,0.123,F,
372,B6.A-X F1,6793,6866,2012-10-29,2012-11-02,2012-11-15,14,3,3,0,-,7,10:31:00,0.069,0.134,M,
373,B6.A-X F1,6793,6866,2012-10-29,2012-11-02,2012-11-15,14,3,3,0,-,8,10:36:00,0.067,0.131,F,
374,B6.A-17 BC1,5223,6879,2012-10-29,2012-11-02,2012-11-15,14,5,2,1,-,1,10:43:00,0.068,0.146,-,
375,B6.A-17 BC1,5223,6879,2012-10-29,2012-11-02,2012-11-15,14,5,2,1,-,2,10:49:00,0.081,0.15,F,
376,B6.A-17 BC1,5223,6879,2012-10-29,2012-11-02,2012-11-15,14,5,2,1,-,3,10:54:00,0.06,0.14,F,
377,B6.A-17 BC1,5223,6879,2012-10-29,2012-11-02,2012-11-15,14,5,2,1,-,4,10:58:00,0.089,0.142,F,
378,B6.A-17 BC1,5223,6879,2012-10-29,2012-11-02,2012-11-15,14,5,2,1,-,5,11:03:00,0.086,0.136,F,
379,B6.A-17 BC1,5223,6879,2012-10-29,2012-11-02,2012-11-15,14,5,2,1,-,6,11:07:00,0.06,0.155,F,
380,B6.A-17 BC1,5223,6879,2012-10-29,2012-11-02,2012-11-15,14,5,2,1,-,7,11:12:00,0.082,0.159,F,
381,B6.A-15 BC1,-,6844,-,2012-11-02,2012-11-15,14,6,3,0,-,1,11:24:00,0.095,0.111,F,
382,B6.A-15 BC1,-,6844,-,2012-11-02,2012-11-15,14,6,3,0,-,2,11:30:00,0.082,0.142,M,
383,B6.A-15 BC1,-,6844,-,2012-11-02,2012-11-15,14,6,3,0,-,3,11:34:00,0.09,0.149,M,
384,B6.A-15 BC1,-,6844,-,2012-11-02,2012-11-15,14,6,3,0,-,4,11:38:00,0.064,0.145,M,
385,B6.A-15 BC1,-,6844,-,2012-11-02,2012-11-15,14,6,3,0,-,5,11:42:00,0.067,0.146,M,
386,B6.A-15 BC1,-,6844,-,2012-11-02,2012-11-15,14,6,3,0,-,6,11:46:00,0.079,0.152,F,
387,B6.A-15 BC1,-,6844,-,2012-11-02,2012-11-15,14,6,3,0,-,7,11:50:00,0.064,0.145,F,
388,B6.A-15 BC1,-,6844,-,2012-11-02,2012-11-15,14,6,3,0,-,8,11:54:00,0.073,0.152,M,
389,B6.A-15 BC1,-,6844,-,2012-11-02,2012-11-15,14,6,3,0,-,9,11:57:00,0.077,0.145,F,
390,B6.A-X F1,6790,6889,2012-10-29,2012-11-02,2012-11-15,14,5,2,2,-,1,14:06:00,0.085,0.14,M,
391,B6.A-X F1,6790,6889,2012-10-29,2012-11-02,2012-11-15,14,5,2,2,-,2,14:11:00,0.085,0.132,F,
392,B6.A-X F1,6790,6889,2012-10-29,2012-11-02,2012-11-15,14,5,2,2,-,3,14:16:00,0.068,0.138,M,
393,B6.A-X F1,6790,6889,2012-10-29,2012-11-02,2012-11-15,14,5,2,2,-,4,14:20:00,0.075,0.144,M,
394,B6.A-X F1,6790,6889,2012-10-29,2012-11-02,2012-11-15,14,5,2,2,-,5,14:25:00,0.085,0.149,M,
395,B6.A-X F1,6790,6889,2012-10-29,2012-11-02,2012-11-15,14,5,2,2,-,6,14:30:00,0.062,0.125,F,
396,B6.A-X F1,6790,6889,2012-10-29,2012-11-02,2012-11-15,14,5,2,2,-,7,14:35:00,0.061,0.138,M,
397,B6.A-17 BC1,484,6904,2012-10-31,2012-11-02,2012-11-15,14,3,4,0,-,1,14:45:00,0.059,0.134,F,tag 6804
398,B6.A-17 BC1,484,6904,2012-10-31,2012-11-02,2012-11-15,14,3,4,0,-,2,14:50:00,0.086,0.142,F,
399,B6.A-17 BC1,484,6904,2012-10-31,2012-11-02,2012-11-15,14,3,4,0,-,3,14:54:00,0.08,0.151,F,
400,B6.A-17 BC1,484,6904,2012-10-31,2012-11-02,2012-11-15,14,3,4,0,-,4,15:00:00,0.091,0.154,M,
401,B6.A-17 BC1,484,6904,2012-10-31,2012-11-02,2012-11-15,14,3,4,0,-,5,15:04:00,0.087,0.156,M,
402,B6.A-17 BC1,484,6904,2012-10-31,2012-11-02,2012-11-15,14,3,4,0,-,6,15:08:00,0.067,0.148,M,
403,B6.A-17 BC1,484,6904,2012-10-31,2012-11-02,2012-11-15,14,3,4,0,-,7,15:12:00,0.068,0.147,M,
404,B6.A-19 BC1,4962,6880,2012-10-29,2012-11-02,2012-11-15,14,0,2,2,-,1,15:26:00,0.041,0.095,F,
405,B6.A-19 BC1,4962,6880,2012-10-29,2012-11-02,2012-11-15,14,0,2,2,-,2,15:30:00,0.096,0.157,F,
406,B6.A-19 BC1,5214,6939,2012-10-31,2012-11-03,2012-11-16,14,3,1,0,-,1,09:11:00,0.049,0.071,M,
407,B6.A-19 BC1,5214,6939,2012-10-31,2012-11-03,2012-11-16,14,3,1,0,-,2,09:17:00,0.026,0.06,F,small
408,B6.A-19 BC1,5214,6939,2012-10-31,2012-11-03,2012-11-16,14,3,1,0,-,3,09:22:00,0.048,0.066,F,
409,B6.A-19 BC1,5214,6939,2012-10-31,2012-11-03,2012-11-16,14,3,1,0,-,4,09:26:00,0.043,0.063,F,
410,B6.A-19 BC1,5024,6931,2012-10-31,2012-11-03,2012-11-16,14,3,4,1,-,1,09:36:00,0.062,0.159,M,
411,B6.A-19 BC1,5024,6931,2012-10-31,2012-11-03,2012-11-16,14,3,4,1,-,2,09:40:00,0.067,0.147,F,
412,B6.A-19 BC1,5024,6931,2012-10-31,2012-11-03,2012-11-16,14,3,4,1,-,3,09:46:00,0.077,0.146,F,
413,B6.A-19 BC1,5024,6931,2012-10-31,2012-11-03,2012-11-16,14,3,4,1,-,4,09:50:00,0.066,0.135,F,
414,B6.A-19 BC1,5024,6931,2012-10-31,2012-11-03,2012-11-16,14,3,4,1,-,5,09:54:00,0.078,0.144,F,
415,B6.A-19 BC1,5024,6931,2012-10-31,2012-11-03,2012-11-16,14,3,4,1,-,6,09:58:00,0.084,0.154,M,
416,B6.A-19 BC1,5024,6931,2012-10-31,2012-11-03,2012-11-16,14,3,4,1,-,7,10:02:00,0.079,0.136,F,
417,B6.A-15 BC1,4909,6942,2012-10-31,2012-11-03,2012-11-16,14,3,4,0,-,1,10:12:00,0.06,0.119,M,
418,B6.A-15 BC1,4909,6942,2012-10-31,2012-11-03,2012-11-16,14,3,4,0,-,2,10:16:00,0.062,0.108,F,
419,B6.A-15 BC1,4909,6942,2012-10-31,2012-11-03,2012-11-16,14,3,4,0,-,3,10:20:00,0.046,0.094,F,
420,B6.A-15 BC1,4909,6942,2012-10-31,2012-11-03,2012-11-16,14,3,4,0,-,4,10:24:00,0.077,0.108,F,
421,B6.A-15 BC1,4909,6942,2012-10-31,2012-11-03,2012-11-16,14,3,4,0,-,5,10:29:00,0.074,0.135,F,
422,B6.A-15 BC1,4909,6942,2012-10-31,2012-11-03,2012-11-16,14,3,4,0,-,6,10:33:00,0.082,0.129,M,
423,B6.A-15 BC1,4909,6942,2012-10-31,2012-11-03,2012-11-16,14,3,4,0,-,7,10:38:00,0.085,0.122,M,
424,B6.A-17 BC1,5009,6930,2012-10-31,2012-11-03,2012-11-16,14,3,5,0,-,1,10:49:00,0.095,0.131,M,
425,B6.A-17 BC1,5009,6930,2012-10-31,2012-11-03,2012-11-16,14,3,5,0,-,2,10:54:00,0.071,0.123,M,
426,B6.A-17 BC1,5009,6930,2012-10-31,2012-11-03,2012-11-16,14,3,5,0,-,3,10:59:00,0.084,0.137,M,
427,B6.A-17 BC1,5009,6930,2012-10-31,2012-11-03,2012-11-16,14,3,5,0,-,4,11:03:00,0.074,0.13,M,
428,B6.A-17 BC1,5009,6930,2012-10-31,2012-11-03,2012-11-16,14,3,5,0,-,5,11:08:00,0.088,0.121,F,
429,B6.A-17 BC1,5009,6930,2012-10-31,2012-11-03,2012-11-16,14,3,5,0,-,6,11:13:00,0.089,0.14,F,
430,B6.A-17 BC1,5009,6930,2012-10-31,2012-11-03,2012-11-16,14,3,5,0,-,7,11:18:00,0.114,0.142,M,
431,B6.A-17 BC1,5009,6930,2012-10-31,2012-11-03,2012-11-16,14,3,5,0,-,8,11:23:00,0.084,0.135,M,
432,B6.C,5014,6902,2012-10-31,2012-11-03,2012-11-16,14,5,2,0,-,1,11:33:00,0.081,0.159,M,
433,B6.C,5014,6902,2012-10-31,2012-11-03,2012-11-16,14,5,2,0,-,2,11:38:00,0.075,0.143,F,
434,B6.C,5014,6902,2012-10-31,2012-11-03,2012-11-16,14,5,2,0,-,3,11:43:00,0.082,0.147,F,
435,B6.C,5014,6902,2012-10-31,2012-11-03,2012-11-16,14,5,2,0,-,4,11:49:00,0.053,0.155,F,
436,B6.C,5014,6902,2012-10-31,2012-11-03,2012-11-16,14,5,2,0,-,5,11:55:00,0.071,0.155,M,
437,B6.C,5014,6902,2012-10-31,2012-11-03,2012-11-16,14,5,2,0,-,6,11:59:00,0.064,0.157,M,
438,B6.C,5014,6902,2012-10-31,2012-11-03,2012-11-16,14,5,2,0,-,7,12:04:00,0.075,0.152,F,
439,B6.A-15 BC1,473,6937,2012-10-31,2012-11-03,2012-11-16,14,3,4,1,-,1,12:14:00,0.069,0.141,F,
440,B6.A-15 BC1,473,6937,2012-10-31,2012-11-03,2012-11-16,14,3,4,1,-,2,12:18:00,0.056,0.112,M,
441,B6.A-15 BC1,473,6937,2012-10-31,2012-11-03,2012-11-16,14,3,4,1,-,3,12:23:00,0.072,0.14,F,
442,B6.A-15 BC1,473,6937,2012-10-31,2012-11-03,2012-11-16,14,3,4,1,-,4,12:28:00,0.086,0.149,M,
443,B6.A-15 BC1,473,6937,2012-10-31,2012-11-03,2012-11-16,14,3,4,1,-,5,12:32:00,0.083,0.126,F,
444,B6.A-15 BC1,473,6937,2012-10-31,2012-11-03,2012-11-16,14,3,4,1,-,6,12:36:00,0.079,0.145,M,
445,B6.A-15 BC1,473,6937,2012-10-31,2012-11-03,2012-11-16,14,3,4,1,-,7,12:41:00,0.09,0.137,F,pbs = 0.013
446,B6.A-17 BC1,3368,6935,2012-10-31,2012-11-03,2012-11-16,14,5,3,4,-,1,16:31:00,0.067,0.134,F,
447,B6.A-17 BC1,3368,6935,2012-10-31,2012-11-03,2012-11-16,14,5,3,4,-,2,16:36:00,0.051,0.112,F,
448,B6.A-17 BC1,3368,6935,2012-10-31,2012-11-03,2012-11-16,14,5,3,4,-,3,16:42:00,0.051,0.084,M,no sac; green
449,B6.A-17 BC1,3368,6935,2012-10-31,2012-11-03,2012-11-16,14,5,3,4,-,4,16:47:00,0.061,0.111,F,no picture; embryo distroyed; green sac
450,B6.A-17 BC1,3368,6935,2012-10-31,2012-11-03,2012-11-16,14,5,3,4,-,5,16:52:00,0.057,0.131,F,
451,B6.A-17 BC1,3368,6935,2012-10-31,2012-11-03,2012-11-16,14,5,3,4,-,6,16:57:00,0.059,0.114,M,
452,B6.A-17 BC1,3368,6935,2012-10-31,2012-11-03,2012-11-16,14,5,3,4,-,7,17:01:00,0.065,0.136,M,
453,B6.A-17 BC1,3368,6935,2012-10-31,2012-11-03,2012-11-16,14,5,3,4,-,8,17:07:00,0.065,-,F,
454,B6.A-19 BC1,5268,6912,2012-10-31,2012-11-03,2012-11-16,14,6,2,0,-,1,17:18:00,0.073,0.149,F,
455,B6.A-19 BC1,5268,6912,2012-10-31,2012-11-03,2012-11-16,14,6,2,0,-,2,17:22:00,0.076,0.162,M,
94559,-,5268,6912,2012-10-31,2012-11-03,2012-11-16,14,6,2,0,-,3,17:24:00,0.069,0.162,-,eliminated: duplicate from 455
456,B6.A-19 BC1,5268,6912,2012-10-31,2012-11-03,2012-11-16,14,6,2,0,-,4,17:29:00,0.072,0.184,M,
457,B6.A-19 BC1,5268,6912,2012-10-31,2012-11-03,2012-11-16,14,6,2,0,-,5,17:34:00,0.042,0.188,F,
458,B6.A-19 BC1,5268,6912,2012-10-31,2012-11-03,2012-11-16,14,6,2,0,-,6,17:39:00,0.07,0.162,F,
459,B6.A-19 BC1,5268,6912,2012-10-31,2012-11-03,2012-11-16,14,6,2,0,-,7,17:43:00,0.06,0.158,M,
460,B6.A-19 BC1,5268,6912,2012-10-31,2012-11-03,2012-11-16,14,6,2,0,-,8,17:49:00,0.062,0.165,M,
461,B6.A-19 BC1,5268,6912,2012-10-31,2012-11-03,2012-11-16,14,6,2,0,-,9,17:54:00,0.086,0.167,M,
462,B6.A-15 BC1,3511,6910,2012-10-31,2012-11-03,2012-11-16,14,5,1,0,-,1,18:03:00,0.081,0.17,M,
463,B6.A-15 BC1,3511,6910,2012-10-31,2012-11-03,2012-11-16,14,5,1,0,-,2,18:09:00,0.093,0.182,M,
464,B6.A-15 BC1,3511,6910,2012-10-31,2012-11-03,2012-11-16,14,5,1,0,-,3,18:15:00,0.072,0.168,F,
465,B6.A-15 BC1,3511,6910,2012-10-31,2012-11-03,2012-11-16,14,5,1,0,-,4,18:21:00,0.077,0.154,F,
466,B6.A-15 BC1,3511,6910,2012-10-31,2012-11-03,2012-11-16,14,5,1,0,-,5,18:25:00,0.077,0.166,F,
467,B6.A-15 BC1,3511,6910,2012-10-31,2012-11-03,2012-11-16,14,5,1,0,-,6,18:29:00,0.056,0.143,M,
468,B6.A-15 BC1,3511,6910,2012-10-31,2012-11-03,2012-11-16,14,5,1,0,-,7,18:34:00,0.075,0.172,M,
469,B6.A-17 BC1,5008,6914,2012-10-31,2012-11-03,2012-11-16,14,2,5,0,-,1,18:45:00,0.072,0.146,F,
470,B6.A-17 BC1,5008,6914,2012-10-31,2012-11-03,2012-11-16,14,2,5,0,-,2,18:50:00,0.038,0.125,F,
471,B6.A-17 BC1,5008,6914,2012-10-31,2012-11-04,2012-11-17,14,2,5,0,-,3,18:54:00,0.066,0.162,F,
472,B6.A-17 BC1,5008,6914,2012-10-31,2012-11-04,2012-11-17,14,2,5,0,-,4,18:59:00,0.068,0.164,F,
473,B6.A-17 BC1,5008,6914,2012-10-31,2012-11-04,2012-11-17,14,2,5,0,-,5,19:03:00,0.079,0.158,F,
475,B6.A-17 BC1,5008,6914,2012-10-31,2012-11-04,2012-11-17,14,2,5,0,-,6,19:15:00,0.054,0.171,F,
476,B6.A-17 BC1,5008,6914,2012-10-31,2012-11-04,2012-11-17,14,2,5,0,-,7,19:19:00,0.059,0.17,F,
477,B6.A-X F1,4712,6909,2012-10-31,2012-11-04,2012-11-17,14,3,5,0,-,1,12:24:00,0.088,0.131,M,
478,B6.A-X F1,4712,6909,2012-10-31,2012-11-04,2012-11-17,14,3,5,0,-,2,12:30:00,0.073,0.139,M,
479,B6.A-X F1,4712,6909,2012-10-31,2012-11-04,2012-11-17,14,3,5,0,-,3,12:34:00,0.075,0.134,F,
480,B6.A-X F1,4712,6909,2012-10-31,2012-11-04,2012-11-17,14,3,5,0,-,4,12:39:00,0.06,0.124,F,
481,B6.A-X F1,4712,6909,2012-10-31,2012-11-04,2012-11-17,14,3,5,0,-,5,12:44:00,0.07,0.145,F,
482,B6.A-X F1,4712,6909,2012-10-31,2012-11-04,2012-11-17,14,3,5,0,-,6,12:48:00,0.06,0.12,F,
483,B6.A-X F1,4712,6909,2012-10-31,2012-11-04,2012-11-17,14,3,5,0,-,7,12:52:00,0.075,0.167,M,
484,B6.A-X F1,4712,6909,2012-10-31,2012-11-04,2012-11-17,14,3,5,0,-,8,12:56:00,0.065,0.119,F,no picture
485,B6.A-17 BC1,5222,6973,2012-11-03,2012-11-04,2012-11-17,14,3,3,3,-,1,13:03:00,0.099,0.141,M,
486,B6.A-17 BC1,5222,6973,2012-11-03,2012-11-04,2012-11-17,14,3,3,3,-,2,13:09:00,0.044,0.127,F,
487,B6.A-17 BC1,5222,6973,2012-11-03,2012-11-04,2012-11-17,14,3,3,3,-,3,13:13:00,0.076,0.154,F,
488,B6.A-17 BC1,5222,6973,2012-11-03,2012-11-04,2012-11-17,14,3,3,3,-,4,13:17:00,0.068,0.153,F,
489,B6.A-17 BC1,5222,6973,2012-11-03,2012-11-04,2012-11-17,14,3,3,3,-,5,13:22:00,0.066,0.159,F,
490,B6.A-17 BC1,5222,6973,2012-11-03,2012-11-04,2012-11-17,14,3,3,3,-,6,13:26:00,0.07,0.148,M,
491,B6.A-15 BC1,3512,6967,2012-11-03,2012-11-04,2012-11-17,14,2,1,0,-,1,13:36:00,0.078,0.147,M,
492,B6.A-15 BC1,3512,6967,2012-11-03,2012-11-04,2012-11-17,14,2,1,0,-,2,13:41:00,0.075,0.149,F,
493,B6.A-15 BC1,3512,6967,2012-11-03,2012-11-04,2012-11-17,14,2,1,0,-,3,13:46:00,0.09,0.146,F,
494,B6.A-19 BC1,5023,6951,2012-10-31,2012-11-04,2012-11-17,14,2,5,0,-,1,13:56:00,0.065,0.168,F,
495,B6.A-19 BC1,5023,6951,2012-10-31,2012-11-04,2012-11-17,14,2,5,0,-,2,14:01:00,0.07,0.152,F,
496,B6.A-19 BC1,5023,6951,2012-10-31,2012-11-04,2012-11-17,14,2,5,0,-,3,14:07:00,0.062,0.16,F,
497,B6.A-19 BC1,5023,6951,2012-10-31,2012-11-04,2012-11-17,14,2,5,0,-,4,14:12:00,0.067,0.151,F,
498,B6.A-19 BC1,5023,6951,2012-10-31,2012-11-04,2012-11-17,14,2,5,0,-,5,14:17:00,0.078,0.158,M,
499,B6.A-19 BC1,5023,6951,2012-10-31,2012-11-04,2012-11-17,14,2,5,0,-,6,14:22:00,0.075,0.171,F,
500,B6.A-19 BC1,5023,6951,2012-10-31,2012-11-04,2012-11-17,14,2,5,0,-,7,14:26:00,0.084,0.176,M,
501,B6.A-X F1,6790,6940,2012-10-31,2012-11-04,2012-11-17,14,1,6,0,-,1,14:39:00,0.079,0.156,M,one ovary colected
502,B6.A-X F1,6790,6940,2012-10-31,2012-11-04,2012-11-17,14,1,6,0,-,2,14:43:00,0.069,0.15,M,
503,B6.A-X F1,6790,6940,2012-10-31,2012-11-04,2012-11-17,14,1,6,0,-,3,14:48:00,0.083,0.177,M,
504,B6.A-X F1,6790,6940,2012-10-31,2012-11-04,2012-11-17,14,1,6,0,-,4,14:52:00,0.088,0.163,F,
505,B6.A-X F1,6790,6940,2012-10-31,2012-11-04,2012-11-17,14,1,6,0,-,5,14:57:00,0.077,0.189,M,
506,B6.A-X F1,6790,6940,2012-10-31,2012-11-04,2012-11-17,14,1,6,0,-,6,15:01:00,0.076,0.169,M,
507,B6.A-X F1,6790,6940,2012-10-31,2012-11-04,2012-11-17,14,1,6,0,-,7,15:05:00,0.083,0.154,F,
508,B6.A-15 BC1,5105,6926,2012-10-31,2012-11-04,2012-11-18,15,4,4,0,-,1,11:46:00,0.093,0.211,F,
509,B6.A-15 BC1,5105,6926,2012-10-31,2012-11-04,2012-11-18,15,4,4,0,-,2,11:50:00,0.099,0.212,F,
510,B6.A-15 BC1,5105,6926,2012-10-31,2012-11-04,2012-11-18,15,4,4,0,-,3,11:54:00,0.084,0.245,M,
511,B6.A-15 BC1,5105,6926,2012-10-31,2012-11-04,2012-11-18,15,4,4,0,-,4,11:58:00,0.078,0.235,M,
512,B6.A-15 BC1,5105,6926,2012-10-31,2012-11-04,2012-11-18,15,4,4,0,-,5,12:03:00,0.079,0.223,M,
513,B6.A-15 BC1,5105,6926,2012-10-31,2012-11-04,2012-11-18,15,4,4,0,-,6,12:07:00,0.088,0.246,M,
514,B6.A-15 BC1,5105,6926,2012-10-31,2012-11-04,2012-11-18,15,4,4,0,-,7,12:12:00,0.085,0.245,F,
515,B6.A-15 BC1,5105,6926,2012-10-31,2012-11-04,2012-11-18,15,4,4,0,-,8,12:16:00,0.08,0.255,M,
516,B6.A-19 BC1,5265,6944,2012-10-31,2012-11-04,2012-11-18,15,3,4,0,-,1,12:25:00,0.092,0.206,F,dam w/cystic kidney
517,B6.A-19 BC1,5265,6944,2012-10-31,2012-11-04,2012-11-18,15,3,4,0,-,2,12:30:00,0.068,0.227,F,
518,B6.A-19 BC1,5265,6944,2012-10-31,2012-11-04,2012-11-18,15,3,4,0,-,3,12:34:00,0.066,0.231,M,
519,B6.A-19 BC1,5265,6944,2012-10-31,2012-11-04,2012-11-18,15,3,4,0,-,4,12:38:00,0.081,0.237,M,
520,B6.A-19 BC1,5265,6944,2012-10-31,2012-11-04,2012-11-18,15,3,4,0,-,5,12:43:00,0.065,0.24,F,
521,B6.A-19 BC1,5265,6944,2012-10-31,2012-11-04,2012-11-18,15,3,4,0,-,6,12:47:00,0.087,0.269,M,
522,B6.A-19 BC1,5265,6944,2012-10-31,2012-11-04,2012-11-18,15,3,4,0,-,7,12:52:00,0.081,0.241,M,
523,B6.A-17 BC1,485,6911,2012-10-31,2012-11-04,2012-11-18,15,4,3,1,-,1,13:02:00,0.061,0.167,F,
524,B6.A-17 BC1,485,6911,2012-10-31,2012-11-04,2012-11-18,15,4,3,1,-,2,13:05:00,0.077,0.262,M,
525,B6.A-17 BC1,485,6911,2012-10-31,2012-11-04,2012-11-18,15,4,3,1,-,3,13:09:00,0.077,0.211,M,
526,B6.A-17 BC1,485,6911,2012-10-31,2012-11-04,2012-11-18,15,4,3,1,-,4,13:14:00,0.069,0.222,F,
527,B6.A-17 BC1,485,6911,2012-10-31,2012-11-04,2012-11-18,15,4,3,1,-,5,13:19:00,0.066,0.23,F,
528,B6.A-17 BC1,485,6911,2012-10-31,2012-11-04,2012-11-18,15,4,3,1,-,6,13:24:00,0.069,0.305,F,
529,B6.A-17 BC1,485,6911,2012-10-31,2012-11-04,2012-11-18,15,4,3,1,-,7,13:29:00,0.08,0.256,M,
530,B6.A-19 BC1,5269,6915,2012-10-31,2012-11-04,2012-11-18,15,4,4,0,-,1,13:40:00,0.086,0.252,F,
531,B6.A-19 BC1,5269,6915,2012-10-31,2012-11-04,2012-11-18,15,4,4,0,-,2,13:44:00,0.082,0.254,F,
532,B6.A-19 BC1,5269,6915,2012-10-31,2012-11-04,2012-11-18,15,4,4,0,-,3,13:49:00,0.08,0.249,F,
533,B6.A-19 BC1,5269,6915,2012-10-31,2012-11-04,2012-11-18,15,4,4,0,-,4,13:53:00,0.08,0.221,F,
534,B6.A-19 BC1,5269,6915,2012-10-31,2012-11-04,2012-11-18,15,4,4,0,-,5,13:58:00,0.084,0.226,F,
535,B6.A-19 BC1,5269,6915,2012-10-31,2012-11-04,2012-11-18,15,4,4,0,-,6,14:02:00,0.094,0.276,M,
536,B6.A-19 BC1,5269,6915,2012-10-31,2012-11-04,2012-11-18,15,4,4,0,-,7,14:07:00,0.086,0.232,-,
537,B6.A-19 BC1,5269,6915,2012-10-31,2012-11-04,2012-11-18,15,4,4,0,-,8,14:12:00,0.079,0.217,M,
538,B6.A-19 BC1,5269,6915,2012-10-31,2012-11-04,2012-11-18,15,4,4,0,-,9,14:24:00,0.069,0.14,M,
539,B6.A-19 BC1,5268,6974,2012-11-03,2012-11-05,2012-11-18,14,4,4,2,-,1,14:28:00,0.06,0.138,M,
540,B6.A-19 BC1,5268,6974,2012-11-03,2012-11-05,2012-11-18,14,4,4,2,-,2,14:33:00,0.054,0.143,M,
541,B6.A-19 BC1,5268,6974,2012-11-03,2012-11-05,2012-11-18,14,4,4,2,-,3,14:37:00,0.057,0.141,M,
542,B6.A-19 BC1,5268,6974,2012-11-03,2012-11-05,2012-11-18,14,4,4,2,-,4,14:41:00,0.051,0.131,F,
543,B6.A-19 BC1,5268,6974,2012-11-03,2012-11-05,2012-11-18,14,4,4,2,-,5,14:46:00,0.05,0.128,F,
544,B6.A-19 BC1,5268,6974,2012-11-03,2012-11-05,2012-11-18,14,4,4,2,-,6,14:50:00,0.076,0.133,M,
545,B6.A-19 BC1,5268,6974,2012-11-03,2012-11-05,2012-11-18,14,4,4,2,-,7,14:55:00,0.051,0.13,F,
546,B6.A-19 BC1,5215,6977,2012-11-03,2012-11-05,2012-11-18,14,2,4,2,-,1,15:04:00,0.069,0.13,F,
547,B6.A-19 BC1,5215,6977,2012-11-03,2012-11-05,2012-11-18,14,2,4,2,-,2,15:09:00,0.078,0.149,M,
548,B6.A-19 BC1,5215,6977,2012-11-03,2012-11-05,2012-11-18,14,2,4,2,-,3,15:12:00,0.065,0.145,F,
549,B6.A-19 BC1,5215,6977,2012-11-03,2012-11-05,2012-11-18,14,2,4,2,-,4,15:17:00,0.061,0.144,M,
550,B6.A-19 BC1,5215,6977,2012-11-03,2012-11-05,2012-11-18,14,2,4,2,-,5,15:21:00,0.076,0.152,M,
551,B6.A-19 BC1,5215,6977,2012-03-11,2012-11-05,2012-11-18,14,5,4,2,-,6,15:26:00,0.063,0.014,F,
552,B6.A-15 BC1,5106,6952,2012-03-11,2012-11-05,2012-11-18,14,5,4,2,-,1,15:37:00,0.069,0.137,M,
553,B6.A-15 BC1,5106,6952,2012-03-11,2012-11-05,2012-11-18,14,5,4,2,-,2,15:45:00,0.055,0.13,F,
554,B6.A-15 BC1,5106,6952,2012-03-11,2012-11-05,2012-11-18,14,5,4,2,-,3,15:49:00,0.055,0.14,F,
555,B6.A-15 BC1,5106,6952,2012-03-11,2012-11-05,2012-11-18,14,5,4,2,-,4,15:54:00,0.053,0.137,F,
556,B6.A-15 BC1,5106,6952,2012-03-11,2012-11-05,2012-11-18,14,5,4,2,-,5,16:00:00,0.078,0.142,M,
557,B6.A-15 BC1,5106,6952,2012-03-11,2012-11-05,2012-11-18,14,5,4,2,-,6,16:04:00,0.062,0.148,F,
558,B6.A-15 BC1,5106,6952,2012-03-11,2012-11-05,2012-11-18,14,5,4,2,-,7,16:09:00,0.052,0.123,F,
559,B6.A-15 BC1,5106,6952,2012-03-11,2012-11-05,2012-11-18,14,5,4,2,-,8,16:14:00,0.068,0.147,M,
560,B6.C,4781,6941,10/31/2012,2012-11-05,2012-11-18,14,5,2,0,d,1,16:25:00,0.082,0.141,F,
561,B6.C,4781,6941,10/31/2012,2012-11-05,2012-11-18,14,5,2,0,d,2,16:28:00,0.06,0.149,M,
562,B6.C,4781,6941,10/31/2012,2012-11-05,2012-11-18,14,5,2,0,i,3,16:33:00,0.046,0.151,M,
563,B6.C,4781,6941,10/31/2012,2012-11-05,2012-11-18,14,5,2,0,i,4,16:37:00,0.083,0.158,F,
564,B6.C,4781,6941,10/31/2012,2012-11-05,2012-11-18,14,5,2,0,d,5,16:41:00,0.063,0.142,F,
565,B6.C,4781,6941,10/31/2012,2012-11-05,2012-11-18,14,5,2,0,d,6,16:45:00,0.063,0.173,M,
566,B6.C,4781,6941,10/31/2012,2012-11-05,2012-11-18,14,5,2,0,d,7,16:49:00,0.07,0.171,M,
567,B6.A-X F1,6791,6966,2012-03-11,2012-11-06,2012-11-19,14,3,2,2,d,1,09:46:00,0.05,0.101,F,
568,B6.A-X F1,6791,6966,2012-03-11,2012-11-06,2012-11-19,14,3,2,2,d,2,09:50:00,0.042,0.099,M,
569,B6.A-X F1,6791,6966,2012-03-11,2012-11-06,2012-11-19,14,3,2,2,d,3,09:56:00,0.063,0.111,M,
570,B6.A-X F1,6791,6966,2012-03-11,2012-11-06,2012-11-19,14,3,2,2,i,4,10:01:00,0.058,0.109,M,
571,B6.A-X F1,6791,6966,2012-03-11,2012-11-06,2012-11-19,14,3,2,2,i,5,10:06:00,0.064,0.128,M,
572,B6.A-X F1,4712,6858,10/29/2012,2012-11-06,2012-11-19,14,3,1,3,d,1,10:15:00,0.033,0.074,F,
573,B6.A-X F1,4712,6858,10/29/2012,2012-11-06,2012-11-19,14,3,1,3,i,2,10:19:00,0.046,0.093,F,
574,B6.A-X F1,4712,6858,10/29/2012,2012-11-06,2012-11-19,14,3,1,3,i,3,10:24:00,0.05,0.102,M,
575,B6.A-X F1,4712,6858,10/29/2012,2012-11-06,2012-11-19,14,3,1,3,i,4,10:27:00,0.048,0.105,M,
576,B6.A-17 BC1,5009,6980,2012-03-11,2012-11-06,2012-11-19,14,0,1,0,d,1,10:36:00,0.051,0.074,M,
577,B6.A-17 BC1,483,6946,10/31/2012,2012-11-06,2012-11-19,14,4,3,1,d,1,10:49:00,0.056,0.126,M,
578,B6.A-17 BC1,483,6946,10/31/2012,2012-11-06,2012-11-19,14,4,3,1,d,2,10:55:00,0.036,0.168,F,
579,B6.A-17 BC1,483,6946,10/31/2012,2012-11-06,2012-11-19,14,4,3,1,d,3,10:59:00,0.054,0.118,F,
580,B6.A-17 BC1,483,6946,10/31/2012,2012-11-06,2012-11-19,14,4,3,1,i,4,11:03:00,0.054,0.135,F,
581,B6.A-17 BC1,483,6946,10/31/2012,2012-11-06,2012-11-19,14,4,3,1,i,5,11:08:00,0.063,0.149,M,
582,B6.A-17 BC1,483,6946,10/31/2012,2012-11-06,2012-11-19,14,4,3,1,i,6,11:13:00,0.069,0.138,F,
583,B6.A-17 BC1,483,6946,10/31/2012,2012-11-06,2012-11-19,14,4,3,1,i,7,11:17:00,0.064,0.14,F,
584,B6.A-19 BC1,5267,6969,2012-03-11,2012-11-06,2012-11-19,14,4,3,0,d,1,11:26:00,0.057,0.131,M,
585,B6.A-19 BC1,5267,6969,2012-03-11,2012-11-06,2012-11-19,14,4,3,0,d,2,11:30:00,0.086,0.154,M,
586,B6.A-19 BC1,5267,6969,2012-03-11,2012-11-06,2012-11-19,14,4,3,0,d,3,11:34:00,0.07,0.138,M,
587,B6.A-19 BC1,5267,6969,2012-03-11,2012-11-06,2012-11-19,14,4,3,0,i,4,11:39:00,0.055,0.133,F,
588,B6.A-19 BC1,5267,6969,2012-03-11,2012-11-06,2012-11-19,14,4,3,0,i,5,11:43:00,0.068,0.143,F,
589,B6.A-19 BC1,5267,6969,2012-03-11,2012-11-06,2012-11-19,14,4,3,0,i,6,11:49:00,0.06,0.153,F,
590,B6.A-19 BC1,5267,6969,2012-03-11,2012-11-06,2012-11-19,14,4,3,0,i,7,11:54:00,0.05,0.144,F,
591,B6.A-17 BC1,5010,6976,2012-03-11,2012-11-06,2012-11-19,14,2,7,0,d,1,12:06:00,0.07,0.107,F,
592,B6.A-17 BC1,5010,6976,2012-03-11,2012-11-06,2012-11-19,14,2,7,0,d,2,12:11:00,0.068,0.29,M,
593,B6.A-17 BC1,5010,6976,2012-03-11,2012-11-06,2012-11-19,14,2,7,0,d,3,12:16:00,0.06,0.133,M,
594,B6.A-17 BC1,5010,6976,2012-03-11,2012-11-06,2012-11-19,14,2,7,0,d,4,12:21:00,0.085,0.125,F,
595,B6.A-17 BC1,5010,6976,2012-03-11,2012-11-06,2012-11-19,14,2,7,0,d,5,12:26:00,0.081,-,M,
596,B6.A-17 BC1,5010,6976,2012-03-11,2012-11-06,2012-11-19,14,2,7,0,d,6,12:30:00,0.064,0.147,M,
597,B6.A-17 BC1,5010,6976,2012-03-11,2012-11-06,2012-11-19,14,2,7,0,d,7,01:35:00,0.054,0.111,F,
598,B6.A-17 BC1,5010,6976,2012-03-11,2012-11-06,2012-11-19,14,2,7,0,i,8,12:40:00,0.077,0.135,M,
599,B6.A-17 BC1,5010,6976,2012-03-11,2012-11-06,2012-11-19,14,2,7,0,i,9,12:44:00,0.052,0.138,F,
600,B6.A-19 BC1,5212,6987,2012-04-11,2012-11-06,2012-11-19,14,5,2,0,d,1,16:11:00,0.067,0.263,F,embryos appear as 15 d 
601,B6.A-19 BC1,5212,6987,2012-04-11,2012-11-06,2012-11-19,14,5,2,0,d,2,16:16:00,0.066,0.239,F,
602,B6.A-19 BC1,5212,6987,2012-04-11,2012-11-06,2012-11-19,14,5,2,0,i,3,16:21:00,0.05,0.226,F,
603,B6.A-19 BC1,5212,6987,2012-04-11,2012-11-06,2012-11-19,14,5,2,0,i,4,16:27:00,0.072,0.24,M,
604,B6.A-19 BC1,5212,6987,2012-04-11,2012-11-06,2012-11-19,14,5,2,0,i,5,16:33:00,0.072,0.256,M,
605,B6.A-19 BC1,5212,6987,2012-04-11,2012-11-06,2012-11-19,14,5,2,0,i,6,16:37:00,0.071,0.23,F,
606,B6.A-19 BC1,5212,6987,2012-04-11,2012-11-06,2012-11-19,14,5,2,0,i,7,16:43:00,0.064,0.212,M,
607,B6.A-15 BC1,3511,6963,2012-03-11,2012-11-06,2012-11-19,14,4,2,2,d,1,16:53:00,0.054,0.151,F,
608,B6.A-15 BC1,3511,6963,2012-03-11,2012-11-06,2012-11-19,14,4,2,2,d,2,16:58:00,0.06,0.153,F,
609,B6.A-15 BC1,3511,6963,2012-03-11,2012-11-06,2012-11-19,14,4,2,2,i,3,17:01:00,0.054,0.153,F,
610,B6.A-15 BC1,3511,6963,2012-03-11,2012-11-06,2012-11-19,14,4,2,2,i,4,17:06:00,0.066,0.175,M,
611,B6.A-15 BC1,3511,6963,2012-03-11,2012-11-06,2012-11-19,14,4,2,2,i,5,17:11:00,0.08,0.179,M,
612,B6.A-15 BC1,3511,6963,2012-03-11,2012-11-06,2012-11-19,14,4,2,2,i,6,17:15:00,0.073,0.168,F,
613,B6.A-19 BC1,5024,6984,2012-04-11,2012-11-06,2012-11-19,14,3,4,0,d,1,17:24:00,0.078,0.161,M,
614,B6.A-19 BC1,5024,6984,2012-04-11,2012-11-06,2012-11-19,14,3,4,0,d,2,17:29:00,0.07,0.161,M,
615,B6.A-19 BC1,5024,6984,2012-04-11,2012-11-06,2012-11-19,14,3,4,0,d,3,17:35:00,0.081,0.16,M,
616,B6.A-19 BC1,5024,6984,2012-04-11,2012-11-06,2012-11-19,14,3,4,0,i,4,17:41:00,0.085,0.164,M,pbs = 0.017
617,B6.A-19 BC1,5024,6984,2012-04-11,2012-11-06,2012-11-19,14,3,4,0,i,5,17:45:00,0.079,0.173,F,
618,B6.A-19 BC1,5024,6984,2012-04-11,2012-11-06,2012-11-19,14,3,4,0,i,6,17:49:00,0.068,0.156,F,
619,B6.A-19 BC1,5024,6984,2012-04-11,2012-11-06,2012-11-19,14,3,4,0,i,7,07:54:00,0.065,0.163,M,
620,B6.A-15 BC1,3516,6960,2012-03-11,2012-11-06,2012-11-19,14,6,3,0,d,1,18:05:00,0.062,0.143,M,no tag (F)
621,B6.A-15 BC1,3516,6960,2012-03-11,2012-11-06,2012-11-19,14,6,3,0,d,2,08:10:00,0.063,0.131,F,
622,B6.A-15 BC1,3516,6960,2012-03-11,2012-11-06,2012-11-19,14,6,3,0,d,3,18:14:00,0.051,0.137,F,
623,B6.A-15 BC1,3516,6960,2012-03-11,2012-11-06,2012-11-19,14,6,3,0,i,4,18:19:00,0.058,0.139,M,
624,B6.A-15 BC1,3516,6960,2012-03-11,2012-11-06,2012-11-19,14,6,3,0,i,5,18:24:00,0.062,0.149,M,
625,B6.A-15 BC1,3516,6960,2012-03-11,2012-11-06,2012-11-19,14,6,3,0,i,6,18:28:00,0.065,0.135,M,
626,B6.A-15 BC1,3516,6960,2012-03-11,2012-11-06,2012-11-19,14,6,3,0,i,7,18:32:00,0.056,0.135,M,
627,B6.A-15 BC1,3516,6960,2012-03-11,2012-11-06,2012-11-19,14,6,3,0,i,8,18:36:00,0.059,0.146,M,
628,B6.A-15 BC1,3516,6960,2012-03-11,2012-11-06,2012-11-19,14,6,3,0,i,9,18:40:00,0.056,0.133,M,
629,B6.C,4954,6971,2012-03-11,2012-11-07,2012-11-20,14,5,2,0,d,1,10:46:00,0.064,0.129,F,
630,B6.C,4954,6971,2012-03-11,2012-11-07,2012-11-20,14,5,2,0,d,2,10:52:00,0.071,0.124,M,
631,B6.C,4954,6971,2012-03-11,2012-11-07,2012-11-20,14,5,2,0,i,3,10:57:00,0.049,0.145,M,
632,B6.C,4954,6971,2012-03-11,2012-11-07,2012-11-20,14,5,2,0,i,4,11:01:00,0.054,0.135,M,
633,B6.C,4954,6971,2012-03-11,2012-11-07,2012-11-20,14,5,2,0,i,5,11:06:00,0.048,0.148,F,
634,B6.C,4954,6971,2012-03-11,2012-11-07,2012-11-20,14,5,2,0,i,6,11:10:00,0.058,0.149,M,
635,B6.C,4954,6971,2012-03-11,2012-11-07,2012-11-20,14,5,2,0,i,7,11:14:00,0.058,0.142,F,
636,B6.A-19 BC1,4933,6983,2012-04-11,2012-11-07,2012-11-20,14,4,3,1,d,1,11:25:00,0.063,0.133,M,
637,B6.A-19 BC1,4933,6983,2012-04-11,2012-11-07,2012-11-20,14,4,3,1,d,2,11:29:00,0.057,0.12,F,
638,B6.A-19 BC1,4933,6983,2012-04-11,2012-11-07,2012-11-20,14,4,3,1,d,3,11:34:00,0.062,0.11,F,
639,B6.A-19 BC1,4933,6983,2012-04-11,2012-11-07,2012-11-20,14,4,3,1,i,4,11:38:00,0.054,0.138,F,
640,B6.A-19 BC1,4933,6983,2012-04-11,2012-11-07,2012-11-20,14,4,3,1,i,5,11:42:00,0.057,0.111,M,
641,B6.A-19 BC1,4933,6983,2012-04-11,2012-11-07,2012-11-20,14,4,3,1,i,6,11:47:00,0.054,0.127,F,
642,B6.A-19 BC1,4933,6983,2012-04-11,2012-11-07,2012-11-20,14,4,3,1,i,7,11:51:00,0.059,0.134,M,
643,B6.A-X F1,4793,6958,2012-03-11,2012-11-07,2012-11-20,14,3,4,1,d,1,12:00:00,0.051,0.146,M,
644,B6.A-X F1,4793,6958,2012-03-11,2012-11-07,2012-11-20,14,3,4,1,d,2,12:07:00,0.061,0.145,M,
645,B6.A-X F1,4793,6958,2012-03-11,2012-11-07,2012-11-20,14,3,4,1,d,3,12:10:00,0.064,0.14,M,
646,B6.A-X F1,4793,6958,2012-03-11,2012-11-07,2012-11-20,14,3,4,1,d,4,12:15:00,0.053,0.143,F,
647,B6.A-X F1,4793,6958,2012-03-11,2012-11-07,2012-11-20,14,3,4,1,i,5,12:20:00,0.055,0.152,M,
648,B6.A-X F1,4793,6958,2012-03-11,2012-11-07,2012-11-20,14,3,4,1,i,6,12:24:00,0.058,0.14,F,
649,B6.A-X F1,4793,6958,2012-03-11,2012-11-07,2012-11-20,14,3,4,1,i,7,12:28:00,0.068,0.147,M,
650,B6.A-19 BC1,5213,6947,10/31/2012,2012-11-07,2012-11-20,14,6,3,0,d,1,14:26:00,0.058,0.157,M,
651,B6.A-19 BC1,5213,6947,10/31/2012,2012-11-07,2012-11-20,14,6,3,0,d,2,14:31:00,0.054,0.157,M,
652,B6.A-19 BC1,5213,6947,10/31/2012,2012-11-07,2012-11-20,14,6,3,0,d,3,14:36:00,0.062,0.155,M,
653,B6.A-19 BC1,5213,6947,10/31/2012,2012-11-07,2012-11-20,14,6,3,0,i,4,14:40:00,0.058,0.137,M,
654,B6.A-19 BC1,5213,6947,10/31/2012,2012-11-07,2012-11-20,14,6,3,0,i,5,14:44:00,0.05,0.138,M,
655,B6.A-19 BC1,5213,6947,10/31/2012,2012-11-07,2012-11-20,14,6,3,0,i,6,14:48:00,0.064,0.144,F,
656,B6.A-19 BC1,5213,6947,10/31/2012,2012-11-07,2012-11-20,14,6,3,0,i,7,14:54:00,0.042,0.155,M,
657,B6.A-19 BC1,5213,6947,10/31/2012,2012-11-07,2012-11-20,14,6,3,0,i,8,14:58:00,0.065,0.156,M,
658,B6.A-19 BC1,5213,6947,10/31/2012,2012-11-07,2012-11-20,14,6,3,0,i,9,15:02:00,0.056,0.137,F,
659,B6.A-19 BC1,4962,6965,2012-03-11,2012-11-07,2012-11-20,14,2,5,0,d,1,15:12:00,0.057,0.145,M,
660,B6.A-19 BC1,4962,6965,2012-03-11,2012-11-07,2012-11-20,14,2,5,0,d,2,15:16:00,0.053,0.139,F,
661,B6.A-19 BC1,4962,6965,2012-03-11,2012-11-07,2012-11-20,14,2,5,0,d,3,15:20:00,0.036,0.152,F,
662,B6.A-19 BC1,4962,6965,2012-03-11,2012-11-07,2012-11-20,14,2,5,0,d,4,15:25:00,0.072,0.149,F,
663,B6.A-19 BC1,4962,6965,2012-03-11,2012-11-07,2012-11-20,14,2,5,0,d,5,15:29:00,0.067,0.126,M,
664,B6.A-19 BC1,4962,6965,2012-03-11,2012-11-07,2012-11-20,14,2,5,0,i,6,15:33:00,0.052,0.119,F,
665,B6.A-19 BC1,4962,6965,2012-03-11,2012-11-07,2012-11-20,14,2,5,0,i,7,15:39:00,0.065,0.139,M,
666,B6.C,5014,6959,2012-03-11,2012-11-07,2012-11-20,14,5,4,0,d,1,15:48:00,0.051,0.14,F,
667,B6.C,5014,6959,2012-03-11,2012-11-07,2012-11-20,14,5,4,0,d,2,15:55:00,0.046,0.153,F,
668,B6.C,5014,6959,2012-03-11,2012-11-07,2012-11-20,14,5,4,0,d,3,15:59:00,0.058,0.161,F,
669,B6.C,5014,6959,2012-03-11,2012-11-07,2012-11-20,14,5,4,0,d,4,16:02:00,0.063,0.142,F,
670,B6.C,5014,6959,2012-03-11,2012-11-07,2012-11-20,14,5,4,0,i,5,16:07:00,0.064,0.156,F,
671,B6.C,5014,6959,2012-03-11,2012-11-07,2012-11-20,14,5,4,0,i,6,16:13:00,0.07,0.156,M,
672,B6.C,5014,6959,2012-03-11,2012-11-07,2012-11-20,14,5,4,0,i,7,16:18:00,0.064,0.151,F,
673,B6.C,5014,6959,2012-03-11,2012-11-07,2012-11-20,14,5,4,0,i,8,16:22:00,0.071,0.149,M,
674,B6.C,5014,6959,2012-03-11,2012-11-07,2012-11-20,14,5,4,0,i,9,16:27:00,0.072,0.152,M,
675,B6.A-19 BC1,4967,6954,2012-03-11,2012-11-07,2012-11-20,14,6,1,1,d,1,16:41:00,0.081,0.18,M,
676,B6.A-19 BC1,4967,6954,2012-03-11,2012-11-07,2012-11-20,14,6,1,1,i,2,16:47:00,0.073,0.179,M,
677,B6.A-19 BC1,4967,6954,2012-03-11,2012-11-07,2012-11-20,14,6,1,1,i,3,16:53:00,0.05,0.159,M,
678,B6.A-19 BC1,4967,6954,2012-03-11,2012-11-07,2012-11-20,14,6,1,1,i,4,16:56:00,0.07,0.166,M,
679,B6.A-19 BC1,4967,6954,2012-03-11,2012-11-07,2012-11-20,14,6,1,1,i,5,17:02:00,0.063,0.176,M,
680,B6.A-19 BC1,4967,6954,2012-03-11,2012-11-07,2012-11-20,14,6,1,1,i,6,17:06:00,0.052,0.143,F,
681,B6.A-19 BC1,4967,6954,2012-03-11,2012-11-07,2012-11-20,14,6,1,1,i,7,17:10:00,0.069,0.159,F,
682,B6.A-17 BC1,484,6956,2012-03-11,2012-11-07,2012-11-20,14,4,3,0,d,1,17:21:00,0.067,0.166,F,
683,B6.A-17 BC1,484,6956,2012-03-11,2012-11-07,2012-11-20,14,4,3,0,d,2,17:25:00,0.074,0.164,F,
684,B6.A-17 BC1,484,6956,2012-03-11,2012-11-07,2012-11-20,14,4,3,0,d,3,17:29:00,0.056,0.192,M,
685,B6.A-17 BC1,484,6956,2012-03-11,2012-11-07,2012-11-20,14,4,3,0,i,4,17:03:00,0.058,0.167,F,
686,B6.A-17 BC1,484,6956,2012-03-11,2012-11-07,2012-11-20,14,4,3,0,i,5,17:36:00,0.04,0.174,F,
687,B6.A-17 BC1,484,6956,2012-03-11,2012-11-07,2012-11-20,14,4,3,0,i,6,17:41:00,0.067,0.165,F,
688,B6.A-17 BC1,484,6956,2012-03-11,2012-11-07,2012-11-20,14,4,3,0,i,7,17:46:00,0.068,0.171,F,
689,B6.A-15 F1,4704,6989,2012-07-11,2012-11-08,2012-11-21,14,4,4,0,d,1,14:30:00,0.076,0.15,F,
690,B6.A-15 F1,4704,6989,2012-07-11,2012-11-08,2012-11-21,14,4,4,0,d,2,14:35:00,0.062,0.149,F,
691,B6.A-15 F1,4704,6989,2012-07-11,2012-11-08,2012-11-21,14,4,4,0,d,3,14:39:00,0.069,0.152,M,
692,B6.A-15 F1,4704,6989,2012-07-11,2012-11-08,2012-11-21,14,4,4,0,d,4,14:44:00,0.053,0.138,F,
693,B6.A-15 F1,4704,6989,2012-07-11,2012-11-08,2012-11-21,14,4,4,0,i,5,14:51:00,0.056,0.148,M,
694,B6.A-15 F1,4704,6989,2012-07-11,2012-11-08,2012-11-21,14,4,4,0,i,6,14:56:00,0.074,0.163,M,
695,B6.A-15 F1,4704,6989,2012-07-11,2012-11-08,2012-11-21,14,4,4,0,i,7,15:00:00,0.068,0.168,M,
696,B6.A-15 F1,4704,6989,2012-07-11,2012-11-08,2012-11-21,14,4,4,0,i,8,15:05:00,0.059,0.138,F,
697,B6.A-X F1,6791,6924,10/31/2012,2012-11-09,2012-11-22,14,6,1,0,d,1,14:43:00,0.081,0.268,F,
698,B6.A-X F1,6791,6924,10/31/2012,2012-11-09,2012-11-22,14,6,1,0,i,2,14:48:00,0.064,0.149,F,
699,B6.A-X F1,6791,6924,10/31/2012,2012-11-09,2012-11-22,14,6,1,0,i,3,14:52:00,0.07,0.304,M,
700,B6.A-X F1,6791,6924,10/31/2012,2012-11-09,2012-11-22,14,6,1,0,i,4,14:57:00,0.056,0.26,M,
701,B6.A-X F1,6791,6924,10/31/2012,2012-11-09,2012-11-22,14,6,1,0,i,5,15:01:00,0.069,0.238,F,
702,B6.A-X F1,6791,6924,10/31/2012,2012-11-09,2012-11-22,14,6,1,0,i,6,15:06:00,0.072,0.245,F,
703,B6.A-X F1,6791,6924,10/31/2012,2012-11-09,2012-11-22,14,6,1,0,i,7,15:11:00,0.092,0.272,M,
704,B6.A-X F1,6793,6988,2012-04-11,2012-11-09,2012-11-22,14,4,5,0,d,1,15:21:00,0.059,0.103,M,
705,B6.A-X F1,6793,6988,2012-04-11,2012-11-09,2012-11-22,14,4,5,0,d,2,15:26:00,0.047,0.121,F,
706,B6.A-X F1,6793,6988,2012-04-11,2012-11-09,2012-11-22,14,4,5,0,d,3,15:30:00,0.063,0.125,M,
707,B6.A-X F1,6793,6988,2012-04-11,2012-11-09,2012-11-22,14,4,5,0,d,4,15:36:00,0.059,0.136,F,
708,B6.A-X F1,6793,6988,2012-04-11,2012-11-09,2012-11-22,14,4,5,0,d,5,15:41:00,0.063,0.137,M,
709,B6.A-X F1,6793,6988,2012-04-11,2012-11-09,2012-11-22,14,4,5,0,i,6,15:45:00,0.058,0.14,M,
710,B6.A-X F1,6793,6988,2012-04-11,2012-11-09,2012-11-22,14,4,5,0,i,7,05:50:00,0.053,0.131,F,
711,B6.A-X F1,6793,6988,2012-04-11,2012-11-09,2012-11-22,14,4,5,0,i,8,15:54:00,0.053,0.139,M,
712,B6.A-X F1,6793,6988,2012-04-11,2012-11-09,2012-11-22,14,4,5,0,i,9,15:58:00,0.048,0.121,M,
713,B6.C,-,6993,2012-07-11,2012-11-10,2012-11-23,14,3,4,1,d,1,14:41:00,0.042,0.126,F,
714,B6.C,-,6993,2012-07-11,2012-11-10,2012-11-23,14,3,4,1,d,2,14:46:00,0.056,0.129,M,
715,B6.C,-,6993,2012-07-11,2012-11-10,2012-11-23,14,3,4,1,d,3,14:51:00,0.063,0.134,F,
716,B6.C,-,6993,2012-07-11,2012-11-10,2012-11-23,14,3,4,1,d,4,14:57:00,0.061,0.152,M,
717,B6.C,-,6993,2012-07-11,2012-11-10,2012-11-23,14,3,4,1,i,5,15:03:00,0.045,0.143,M,
718,B6.C,-,6993,2012-07-11,2012-11-10,2012-11-23,14,3,4,1,i,6,15:07:00,0.054,0.129,F,
719,B6.A-15 BC1,3511,6963,2012-03-11,2012-11-10,2012-11-23,14,0,6,1,d,1,15:17:00,0.054,0.149,F,
720,B6.A-15 BC1,3511,6963,2012-03-11,2012-11-10,2012-11-23,14,0,6,1,d,2,15:21:00,0.051,0.133,F,
721,B6.A-15 BC1,3511,6963,2012-03-11,2012-11-10,2012-11-23,14,0,6,1,d,3,15:26:00,0.057,0.135,M,
722,B6.A-15 BC1,3511,6963,2012-03-11,2012-11-10,2012-11-23,14,0,6,1,d,4,15:31:00,0.052,0.145,M,
723,B6.A-15 BC1,3511,6963,2012-03-11,2012-11-10,2012-11-23,14,0,6,1,d,5,15:35:00,0.059,0.166,M,
724,B6.A-15 BC1,3511,6963,2012-03-11,2012-11-10,2012-11-23,14,0,6,1,d,6,15:40:00,0.048,0.161,F,
725,B6.A-17 BC1,485,6911,10/31/2012,2012-11-10,2012-11-23,14,3,2,0,d,1,15:51:00,0.055,0.123,F,
726,B6.A-17 BC1,485,6911,10/31/2012,2012-11-10,2012-11-23,14,3,2,0,d,2,15:55:00,0.056,0.149,F,
727,B6.A-17 BC1,485,6911,10/31/2012,2012-11-10,2012-11-23,14,3,2,0,i,3,16:00:00,0.073,0.151,M,
728,B6.A-17 BC1,485,6911,10/31/2012,2012-11-10,2012-11-23,14,3,2,0,i,4,16:04:00,0.053,0.144,M,
729,B6.A-17 BC1,485,6911,10/31/2012,2012-11-10,2012-11-23,14,3,2,0,i,5,16:10:00,0.061,0.156,M,
730,B6.A-17 F1,4710,6999,2012-08-11,2012-11-12,2012-11-25,14,6,1,1,d,1,11:37:00,0.059,0.235,F,
731,B6.A-17 F1,4710,6999,2012-08-11,2012-11-12,2012-11-25,14,6,1,1,i,2,11:43:00,0.057,0.214,M,
732,B6.A-17 F1,4710,6999,2012-08-11,2012-11-12,2012-11-25,14,6,1,1,i,3,11:47:00,0.069,0.216,F,
733,B6.A-17 F1,4710,6999,2012-08-11,2012-11-12,2012-11-25,14,6,1,1,i,4,11:52:00,0.053,0.191,M,
734,B6.A-17 F1,4710,6999,2012-08-11,2012-11-12,2012-11-25,14,6,1,1,i,5,11:57:00,0.069,0.197,F,
735,B6.A-17 F1,4710,6999,2012-08-11,2012-11-12,2012-11-25,14,6,1,1,i,6,12:01:00,0.069,0.219,M,
736,B6.A-17 F1,4710,6999,2012-08-11,2012-11-12,2012-11-25,14,6,1,1,i,7,12:06:00,0.071,0.208,F,
737,B6.A-17 BC1,3368,6986,2012-04-11,2012-11-12,2012-11-25,14,4,2,1,d,1,12:20:00,0.064,0.157,M,
738,B6.A-17 BC1,3368,6986,2012-04-11,2012-11-12,2012-11-25,14,4,2,1,d,2,12:25:00,0.052,0.146,M,
739,B6.A-17 BC1,3368,6986,2012-04-11,2012-11-12,2012-11-25,14,4,2,1,i,3,12:29:00,0.068,0.152,M,
740,B6.A-17 BC1,3368,6986,2012-04-11,2012-11-12,2012-11-25,14,4,2,1,i,4,12:34:00,0.062,0.146,F,
741,B6.A-17 BC1,3368,6986,2012-04-11,2012-11-12,2012-11-25,14,4,2,1,i,5,12:39:00,0.052,0.149,M,
742,B6.A-17 BC1,3368,6986,2012-04-11,2012-11-12,2012-11-25,14,4,2,1,i,6,12:43:00,0.066,0.158,M,
743,B6.A-15 F1,4704,6994,2012-08-11,2012-11-12,2012-11-25,14,5,3,0,d,1,12:54:00,0.062,0.148,M,
744,B6.A-15 F1,4704,6994,2012-08-11,2012-11-12,2012-11-25,14,5,3,0,d,2,12:59:00,0.055,0.137,M,
745,B6.A-15 F1,4704,6994,2012-08-11,2012-11-12,2012-11-25,14,5,3,0,d,3,13:04:00,0.049,0.137,F,
746,B6.A-15 F1,4704,6994,2012-08-11,2012-11-12,2012-11-25,14,5,3,0,i,4,13:10:00,0.048,0.119,M,
747,B6.A-15 F1,4704,6994,2012-08-11,2012-11-12,2012-11-25,14,5,3,0,i,5,13:18:00,0.062,0.103,M,no picture.  No lood vessels on the sac; embryo looked abnormal; kind of yellowish and very fragile
748,B6.A-15 F1,4704,6994,2012-08-11,2012-11-12,2012-11-25,14,5,3,0,i,6,13:26:00,0.059,0.142,M,
749,B6.A-15 F1,4704,6994,2012-08-11,2012-11-12,2012-11-25,14,5,3,0,i,7,13:30:00,0.051,0.133,M,
750,B6.A-15 F1,4704,6994,2012-08-11,2012-11-12,2012-11-25,14,5,3,0,i,8,13:35:00,0.046,0.132,M,
751,B6.A-19 BC1,-,H,-,2012-11-12,2012-11-25,14,3,4,1,d,1,13:45:00,0.059,0.152,M,6991 || 6992
752,B6.A-19 BC1,-,H,-,2012-11-12,2012-11-25,14,3,4,1,d,2,13:50:00,0.071,0.148,M,
753,B6.A-19 BC1,-,H,-,2012-11-12,2012-11-25,14,3,4,1,d,3,13:55:00,0.07,0.146,F,
754,B6.A-19 BC1,-,H,-,2012-11-12,2012-11-25,14,3,4,1,d,4,14:00:00,0.049,0.138,F,
755,B6.A-19 BC1,-,H,-,2012-11-12,2012-11-25,14,3,4,1,i,5,14:05:00,0.053,0.136,F,
756,B6.A-19 BC1,-,H,-,2012-11-12,2012-11-25,14,3,4,1,i,6,14:09:00,0.059,0.133,F,
757,B6.A-19 BC1,-,H,-,2012-11-12,2012-11-25,14,3,4,1,i,7,14:14:00,0.063,0.147,M,
758,B6.A-17 BC1,5223,6953,2012-03-11,2012-11-12,2012-11-25,14,7,2,0,d,1,10:10:00,0.057,0.15,F,
759,B6.A-17 BC1,5223,6953,2012-03-11,2012-11-13,2012-11-26,14,7,2,0,d,2,10:15:00,0.047,0.144,F,
760,B6.A-17 BC1,5223,6953,2012-03-11,2012-11-13,2012-11-26,14,7,2,0,i,3,10:21:00,0.068,0.153,M,
761,B6.A-17 BC1,5223,6953,2012-03-11,2012-11-13,2012-11-26,14,7,2,0,i,4,10:26:00,0.054,0.138,F,
762,B6.A-17 BC1,5223,6953,2012-03-11,2012-11-13,2012-11-26,14,7,2,0,i,5,10:32:00,0.051,0.144,F,
763,B6.A-17 BC1,5223,6953,2012-03-11,2012-11-13,2012-11-26,14,7,2,0,i,6,10:37:00,0.057,0.123,F,
764,B6.A-17 BC1,5223,6953,2012-03-11,2012-11-13,2012-11-26,14,7,2,0,i,7,10:42:00,0.058,0.144,M,
765,B6.A-17 BC1,5223,6953,2012-03-11,2012-11-13,2012-11-26,14,7,2,0,i,8,10:47:00,0.054,0.148,F,
766,B6.A-17 BC1,5223,6953,2012-03-11,2012-11-13,2012-11-26,14,7,2,0,i,9,10:52:00,0.055,0.144,F,
767,B6.A-X F1,4712,6997,2012-08-11,2012-11-13,2012-11-26,14,7,1,1,d,1,11:04:00,0.061,0.132,F,
768,B6.A-X F1,4712,6997,2012-08-11,2012-11-13,2012-11-26,14,7,1,1,i,2,11:09:00,0.045,0.125,F,
769,B6.A-X F1,4712,6997,2012-08-11,2012-11-13,2012-11-26,14,7,1,1,i,3,11:14:00,0.054,0.132,M,
770,B6.A-X F1,4712,6997,2012-08-11,2012-11-13,2012-11-26,14,7,1,1,i,4,11:19:00,0.053,0.108,F,
771,B6.A-X F1,4712,6997,2012-08-11,2012-11-13,2012-11-26,14,7,1,1,i,5,11:24:00,0.048,0.119,M,
772,B6.A-X F1,4712,6997,2012-08-11,2012-11-13,2012-11-26,14,7,1,1,i,6,11:28:00,0.06,0.142,M,
773,B6.A-X F1,4712,6997,2012-08-11,2012-11-13,2012-11-26,14,7,1,1,i,7,11:33:00,0.061,0.131,M,
774,B6.A-X F1,4712,6997,2012-08-11,2012-11-13,2012-11-26,14,7,1,1,i,8,11:38:00,0.05,0.133,F,
775,B6.A-17 BC1,4931,6922,10/31/2012,2012-11-15,2012-11-28,14,4,3,0,d,1,13:51:00,0.069,0.151,M,
776,B6.A-17 BC1,4931,6922,10/31/2012,2012-11-15,2012-11-28,14,4,3,0,d,2,13:06:00,0.061,0.139,M,
777,B6.A-17 BC1,4931,6922,10/31/2012,2012-11-15,2012-11-28,14,4,3,0,d,3,14:01:00,0.051,0.135,F,
778,B6.A-17 BC1,4931,6922,10/31/2012,2012-11-15,2012-11-28,14,4,3,0,i,4,14:06:00,0.051,0.128,F,
779,B6.A-17 BC1,4931,6922,10/31/2012,2012-11-15,2012-11-28,14,4,3,0,i,5,14:10:00,0.067,0.171,M,
780,B6.A-17 BC1,4931,6922,10/31/2012,2012-11-15,2012-11-28,14,4,3,0,i,6,14:12:00,0.046,0.148,F,
781,B6.A-17 BC1,4931,6922,10/31/2012,2012-11-15,2012-11-28,14,4,3,0,i,7,14:20:00,0.063,0.147,F,
782,B6.A-19 BC1,4933,6862,10/29/2012,2012-11-17,2012-11-30,14,3,4,0,d,1,10:25:00,0.05,0.141,M,
783,B6.A-19 BC1,4933,6862,10/29/2012,2012-11-17,2012-11-30,14,3,4,0,d,2,10:31:00,0.065,0.145,M,
784,B6.A-19 BC1,4933,6862,10/29/2012,2012-11-17,2012-11-30,14,3,4,0,d,3,10:38:00,0.056,0.155,M,
785,B6.A-19 BC1,4933,6862,10/29/2012,2012-11-17,2012-11-30,14,3,4,0,d,4,10:43:00,0.056,0.149,M,
786,B6.A-19 BC1,4933,6862,10/29/2012,2012-11-17,2012-11-30,14,3,4,0,i,5,10:49:00,0.053,0.148,M,
787,B6.A-19 BC1,4933,6862,10/29/2012,2012-11-17,2012-11-30,14,3,4,0,i,6,10:54:00,0.066,0.134,F,
788,B6.A-19 BC1,4933,6862,10/29/2012,2012-11-17,2012-11-30,14,3,4,0,i,7,11:01:00,0.052,0.135,F,
789,B6.A-15 BC1,5104,6875,10/29/2012,2012-11-17,2012-11-30,14,4,4,0,d,1,11:12:00,0.074,0.144,M,
790,B6.A-15 BC1,5104,6875,10/29/2012,2012-11-17,2012-11-30,14,4,4,0,d,2,11:16:00,0.057,0.133,F,
791,B6.A-15 BC1,5104,6875,10/29/2012,2012-11-17,2012-11-30,14,4,4,0,d,3,11:21:00,0.055,0.135,F,
792,B6.A-15 BC1,5104,6875,10/29/2012,2012-11-17,2012-11-30,14,4,4,0,d,4,11:26:00,0.054,0.131,F,
793,B6.A-15 BC1,5104,6875,10/29/2012,2012-11-17,2012-11-30,14,4,4,0,i,5,11:31:00,0.063,0.134,F,
794,B6.A-15 BC1,5104,6875,10/29/2012,2012-11-17,2012-11-30,14,4,4,0,i,6,11:35:00,0.059,0.148,M,
795,B6.A-15 BC1,5104,6875,10/29/2012,2012-11-17,2012-11-30,14,4,4,0,i,7,11:40:00,0.072,0.122,F,
796,B6.A-15 BC1,5104,6875,10/29/2012,2012-11-17,2012-11-30,14,4,4,0,i,8,11:44:00,0.067,0.144,M,
797,B6.C,4781,6890,10/29/2012,2012-11-17,2012-11-30,14,1,4,1,d,1,11:54:00,0.07,0.129,F,
798,B6.C,4781,6890,10/29/2012,2012-11-17,2012-11-30,14,1,4,1,d,2,11:58:00,0.064,0.143,F,
799,B6.C,4781,6890,10/29/2012,2012-11-17,2012-11-30,14,1,4,1,d,3,12:02:00,0.06,0.138,F,
800,B6.C,4781,6890,10/29/2012,2012-11-17,2012-11-30,14,1,4,1,d,4,12:07:00,0.062,0.121,M,
801,B6.C,4781,6890,10/29/2012,2012-11-17,2012-11-30,14,1,4,1,i,5,12:12:00,0.065,0.152,M,
802,B6.A-17 BC1,5225,6895,10/29/2012,2012-11-17,2012-11-30,14,6,2,0,d,1,12:30:00,0.051,0.152,F,
803,B6.A-17 BC1,5225,6895,10/29/2012,2012-11-17,2012-11-30,14,6,2,0,d,2,12:34:00,0.047,0.148,F,
804,B6.A-17 BC1,5225,6895,10/29/2012,2012-11-17,2012-11-30,14,6,2,0,i,3,12:36:00,0.049,0.156,F,
805,B6.A-17 BC1,5225,6895,10/29/2012,2012-11-17,2012-11-30,14,6,2,0,i,4,12:43:00,0.062,0.155,M,
806,B6.A-17 BC1,5225,6895,10/29/2012,2012-11-17,2012-11-30,14,6,2,0,i,5,12:47:00,0.061,0.164,M,
807,B6.A-17 BC1,5225,6895,10/29/2012,2012-11-17,2012-11-30,14,6,2,0,i,6,12:51:00,0.044,0.157,F,
808,B6.A-17 BC1,5225,6895,10/29/2012,2012-11-17,2012-11-30,14,6,2,0,i,7,12:56:00,0.06,0.158,M,
809,B6.A-17 BC1,5225,6895,10/29/2012,2012-11-17,2012-11-30,14,6,2,0,i,8,13:00:00,0.053,0.149,M,
810,B6.A-15 BC1,-,I,-,2012-11-17,2012-11-30,14,5,2,0,d,1,13:16:00,0.046,0.145,M,6913||6886||6850
811,B6.A-15 BC1,-,I,-,2012-11-17,2012-11-30,14,5,2,0,d,2,13:20:00,0.064,0.155,M,
812,B6.A-15 BC1,-,I,-,2012-11-17,2012-11-30,14,5,2,0,i,3,13:26:00,0.056,0.135,F,
813,B6.A-15 BC1,-,I,-,2012-11-17,2012-11-30,14,5,2,0,i,4,13:30:00,0.064,0.152,M,
814,B6.A-15 BC1,-,I,-,2012-11-17,2012-11-30,14,5,2,0,i,5,13:34:00,0.06,0.152,M,
815,B6.A-15 BC1,-,I,-,2012-11-17,2012-11-30,14,5,2,0,i,6,13:38:00,0.053,0.145,F,
816,B6.A-15 BC1,-,I,-,2012-11-17,2012-11-30,14,5,2,0,i,7,13:43:00,0.053,0.141,F,
817,B6.A-15 BC1,-,J,-,2012-11-17,2012-11-30,14,6,3,0,d,1,13:52:00,0.067,0.144,M,6913||6886||6850
818,B6.A-15 BC1,-,J,-,2012-11-17,2012-11-30,14,6,3,0,d,2,13:55:00,0.06,0.137,M,
819,B6.A-15 BC1,-,J,-,2012-11-17,2012-11-30,14,6,3,0,d,3,13:59:00,0.058,0.143,F,
820,B6.A-15 BC1,-,J,-,2012-11-17,2012-11-30,14,6,3,0,i,4,14:03:00,0.067,0.139,F,
821,B6.A-15 BC1,-,J,-,2012-11-17,2012-11-30,14,6,3,0,i,5,14:07:00,0.067,0.153,F,
822,B6.A-15 BC1,-,J,-,2012-11-17,2012-11-30,14,6,3,0,i,6,14:10:00,0.061,0.135,F,
823,B6.A-15 BC1,-,J,-,2012-11-17,2012-11-30,14,6,3,0,i,7,14:14:00,0.078,0.162,M,
824,B6.A-15 BC1,-,J,-,2012-11-17,2012-11-30,14,6,3,0,i,8,14:18:00,0.054,0.131,F,
825,B6.A-15 BC1,-,J,-,2012-11-17,2012-11-30,14,6,3,0,i,9,14:22:00,0.065,0.157,M,
826,B6.A-X F1,-,K,-,2012-11-18,2012-12-01,14,7,1,0,d,1,11:31:00,0.063,0.142,F,7001||6883||6907||6916||6882
827,B6.A-X F1,-,K,-,2012-11-18,2012-12-01,14,7,1,0,i,2,11:38:00,0.064,0.154,M,
828,B6.A-X F1,-,K,-,2012-11-18,2012-12-01,14,7,1,0,i,3,11:43:00,0.06,0.144,F,
829,B6.A-X F1,-,K,-,2012-11-18,2012-12-01,14,7,1,0,i,4,11:47:00,0.052,0.128,M,
830,B6.A-X F1,-,K,-,2012-11-18,2012-12-01,14,7,1,0,i,5,11:51:00,0.059,0.148,M,
831,B6.A-X F1,-,K,-,2012-11-18,2012-12-01,14,7,1,0,i,6,11:55:00,0.059,0.152,M,
832,B6.A-X F1,-,K,-,2012-11-18,2012-12-01,14,7,1,0,i,7,11:59:00,0.046,0.144,M,
833,B6.A-X F1,-,K,-,2012-11-18,2012-12-01,14,7,1,0,i,8,12:04:00,0.057,0.131,M,
834,B6.A-X F1,-,L,-,2012-11-18,2012-12-01,14,3,5,2,d,1,12:16:00,0.045,0.145,M,7001||6883||6907||6916||6882
835,B6.A-X F1,-,L,-,2012-11-18,2012-12-01,14,3,5,2,d,2,12:20:00,0.059,0.133,F,
836,B6.A-X F1,-,L,-,2012-11-18,2012-12-01,14,3,5,2,d,3,12:25:00,0.062,0.136,F,
837,B6.A-X F1,-,L,-,2012-11-18,2012-12-01,14,3,5,2,d,4,12:29:00,0.046,0.139,M,
838,B6.A-X F1,-,L,-,2012-11-18,2012-12-01,14,3,5,2,d,5,12:33:00,0.042,0.129,F,
839,B6.A-X F1,-,L,-,2012-11-18,2012-12-01,14,3,5,2,i,6,12:37:00,0.06,0.138,M,
840,B6.A-X F1,-,L,-,2012-11-18,2012-12-01,14,3,5,2,i,7,12:41:00,0.063,0.133,F,
841,B6.A-X F1,-,L,-,2012-11-18,2012-12-01,14,3,5,2,i,8,12:46:00,0.061,0.138,M,
842,B6.A-15 BC1,-,M,-,2012-11-18,2012-12-01,14,2,4,2,d,1,12:57:00,0.061,0.143,F,7001||6883||6907||6916||6882
843,B6.A-15 BC1,-,M,-,2012-11-18,2012-12-01,14,2,4,2,d,2,13:02:00,0.068,0.127,F,
844,B6.A-15 BC1,-,M,-,2012-11-18,2012-12-01,14,2,4,2,d,3,13:07:00,0.07,0.141,M,
845,B6.A-15 BC1,-,M,-,2012-11-18,2012-12-01,14,2,4,2,d,4,13:10:00,0.056,0.138,F,
846,B6.A-15 BC1,-,M,-,2012-11-18,2012-12-01,14,2,4,2,i,5,13:14:00,0.036,0.111,F,
847,B6.A-15 BC1,-,M,-,2012-11-18,2012-12-01,14,2,4,2,i,6,13:19:00,0.063,0.143,F,
848,B6.A-15 BC1,3515,6929,10/31/2012,2012-11-19,2012-12-02,14,1,7,1,d,1,16:27:00,0.063,0.158,M,
849,B6.A-15 BC1,3515,6929,10/31/2012,2012-11-19,2012-12-02,14,1,7,1,d,2,16:32:00,0.058,0.144,F,
850,B6.A-15 BC1,3515,6929,10/31/2012,2012-11-19,2012-12-02,14,1,7,1,d,3,16:36:00,0.066,0.157,F,
851,B6.A-15 BC1,3515,6929,10/31/2012,2012-11-19,2012-12-02,14,1,7,1,d,4,16:41:00,0.057,0.156,F,
852,B6.A-15 BC1,3515,6929,10/31/2012,2012-11-19,2012-12-02,14,1,7,1,d,5,16:45:00,0.06,0.182,F,
853,B6.A-15 BC1,3515,6929,10/31/2012,2012-11-19,2012-12-02,14,1,7,1,d,6,16:50:00,0.065,0.161,F,
854,B6.A-15 BC1,3515,6929,10/31/2012,2012-11-19,2012-12-02,14,1,7,1,d,7,16:54:00,0.062,0.157,F,
855,B6.A-15 BC1,3515,6929,10/31/2012,2012-11-19,2012-12-02,14,1,7,1,i,8,16:58:00,0.047,0.159,F,
856,B6.A-19 BC1,-,N,-,2012-11-19,2012-12-02,14,6,1,0,d,1,17:10:00,0.054,0.134,F,6872||6855
857,B6.A-19 BC1,-,N,-,2012-11-19,2012-12-02,14,6,1,0,i,2,17:14:00,0.061,0.163,M,
858,B6.A-19 BC1,-,N,-,2012-11-19,2012-12-02,14,6,1,0,i,3,17:18:00,0.068,0.174,M,
859,B6.A-19 BC1,-,N,-,2012-11-19,2012-12-02,14,6,1,0,i,4,17:22:00,0.049,0.151,F,
860,B6.A-19 BC1,-,N,-,2012-11-19,2012-12-02,14,6,1,0,i,5,17:27:00,0.053,0.099,F,abnormal head; small
861,B6.A-19 BC1,-,N,-,2012-11-19,2012-12-02,14,6,1,0,i,6,17:31:00,0.061,0.149,F,
862,B6.A-19 BC1,-,N,-,2012-11-19,2012-12-02,14,6,1,0,i,7,17:36:00,0.069,0.156,F,
863,B6.A-15 BC1,3509,6972,2012-03-11,2012-11-24,2012-12-07,14,7,2,0,d,1,11:23:00,0.056,0.124,F,
864,B6.A-15 BC1,3509,6972,2012-03-11,2012-11-24,2012-12-07,14,7,2,0,d,2,11:28:00,0.055,0.132,M,
865,B6.A-15 BC1,3509,6972,2012-03-11,2012-11-24,2012-12-07,14,7,2,0,i,3,11:34:00,0.042,0.141,F,
866,B6.A-15 BC1,3509,6972,2012-03-11,2012-11-24,2012-12-07,14,7,2,0,i,4,11:38:00,0.053,0.132,M,
867,B6.A-15 BC1,3509,6972,2012-03-11,2012-11-24,2012-12-07,14,7,2,0,i,5,11:43:00,0.057,0.133,F,
868,B6.A-15 BC1,3509,6972,2012-03-11,2012-11-24,2012-12-07,14,7,2,0,i,6,11:47:00,0.053,0.143,F,
869,B6.A-15 BC1,3509,6972,2012-03-11,2012-11-24,2012-12-07,14,7,2,0,i,7,11:51:00,0.048,0.108,F,
870,B6.A-15 BC1,3509,6972,2012-03-11,2012-11-24,2012-12-07,14,7,2,0,i,8,11:55:00,0.063,0.146,F,
871,B6.A-15 BC1,3509,6972,2012-03-11,2012-11-24,2012-12-07,14,7,2,0,i,9,12:00:00,0.063,0.155,M,
872,B6.A-15 BC1,453,6903,10/31/2012,2012-11-24,2012-12-07,14,5,3,0,d,1,12:09:00,0.075,0.138,M,tag : 6803
873,B6.A-15 BC1,453,6903,10/31/2012,2012-11-24,2012-12-07,14,5,3,0,d,2,12:14:00,0.061,0.133,M,
874,B6.A-15 BC1,453,6903,10/31/2012,2012-11-24,2012-12-07,14,5,3,0,d,3,12:18:00,0.049,0.112,F,
875,B6.A-15 BC1,453,6903,10/31/2012,2012-11-24,2012-12-07,14,5,3,0,i,4,12:23:00,0.055,0.123,F,
876,B6.A-15 BC1,453,6903,10/31/2012,2012-11-24,2012-12-07,14,5,3,0,i,5,12:27:00,0.049,0.136,F,
877,B6.A-15 BC1,453,6903,10/31/2012,2012-11-24,2012-12-07,14,5,3,0,i,6,12:30:00,0.073,0.135,F,
878,B6.A-15 BC1,453,6903,10/31/2012,2012-11-24,2012-12-07,14,5,3,0,i,7,12:35:00,0.066,0.13,F,
879,B6.A-15 BC1,453,6903,10/31/2012,2012-11-24,2012-12-07,14,5,3,0,i,8,12:40:00,0.055,0.132,F,
880,B6.A-15 BC1,5081,6985,2012-04-11,2012-11-24,2012-12-07,14,5,1,0,i,1,12:01:00,0.051,0.122,F,
881,B6.A-15 BC1,5081,6985,2012-04-11,2012-11-24,2012-12-07,14,5,1,0,i,2,12:07:00,0.072,0.116,F,
882,B6.A-15 BC1,5081,6985,2012-04-11,2012-11-24,2012-12-07,14,5,1,0,i,3,12:11:00,0.055,0.122,M,
883,B6.A-15 BC1,5081,6985,2012-04-11,2012-11-24,2012-12-07,14,5,1,0,i,4,12:16:00,0.07,0.115,M,
884,B6.A-15 BC1,5081,6985,2012-04-11,2012-11-24,2012-12-07,14,5,1,0,i,5,12:20:00,0.08,0.121,M,